S.No,Country/Region,ISO3,Exports_1,Imports_1,Total Trade_1,Trd.Bal_1,Exports_2,Imports_2,Total Trade_2,Trd.Bal_2,Export_Share_of_TotalTrade_%,Import_Share_of_TotalTrade_%,TradeBalance_Ratio_%,Exports_Growth_Computed_%,Imports_Growth_Computed_%,TotalTrade_Growth_%,Total_Trade_Calculated_Y1,Total_Trade_Difference_Y1,Total_Trade_Validation_Y1,Trade_Balance_Calculated_Y1,Trade_Balance_Difference_Y1,Trade_Balance_Validation_Y1,Total_Trade_Calculated_Y0,Total_Trade_Difference_Y0,Total_Trade_Validation_Y0,Trade_Balance_Calculated_Y0,Trade_Balance_Difference_Y0,Trade_Balance_Validation_Y0,Continent,Regional_Grouping,Income_Group_WB,GDP_USD_million_External,GDP_Growth_%_Derived,GDP_per_Capita_USD_Derived,Population_million_External,FTA_with_India,Distance_from_India_km_approx,Import_to_Export_Ratio,Trade_Balance_Category,Import_Dependency,Export_Dependency,Export_Growth_Category,Imports_Growth_Category,TotalTrade_Growth_Category,Trade_Pressure_Score_0_100,Trade_Pressure_Category,Export_Opportunity_Score_0_100_Sim,Market_Risk_Score_0_100_Sim,Investment_Priority_Score_0_100_Sim,Target_Market_Priority_Score_0_100_Sim,Expected_Revenue_USD_million_Sim,Expected_Cost_USD_million_Sim,Expected_Profit_USD_million_Sim,Profit_Margin_%_Sim,Investment_Required_USD_million_Sim,Expected_ROI_%_Sim,Recommended_Action_Sim,GDP_Source,GDP_Source_Year,Population_Source,Population_Source_Year,Classification_Source,Classification_Source_Year,Distance_Source,Year_Status_Note,Import_to_Export_Ratio_Status,Predictive_Next_Year_Exports,Predictive_Next_Year_Imports,Predictive_Next_Year_Total_Trade,Predictive_Next_Year_Trade_Balance,Predictive_Export_Lag_1,Predictive_Import_Lag_1,Predictive_Trade_Lag_1,Predictive_TradeBalance_Lag_1
1,AFGHANISTAN,AFG,2380.99,4568.6,6949.58,-2187.61,2220.1,4991.44,7211.54,-2771.33,34.26091936491126,65.73922452867656,-31.47830516376529,-6.757273235082881,9.255351748894611,3.769436426373968,6949.59,-0.01,Valid,-2187.6100000000006,0.0,Valid,7211.539999999999,0.0,Valid,-2771.34,0.01,Valid,Asia,"Middle East, North Africa, Afghanistan and Pakistan",Low income,,,,42.647,Partial/Preferential (SAFTA/SAPTA/MERCOSUR PTA/APTA),1872.0,1.9188,Trade Deficit,High Import Dependency,Low Export Dependency,Negative Growth,Moderate Growth,Moderate Growth,26.7,Low Trade Pressure,48.2,26.7,60.8,54.7,119.05,80.95,38.1,32.0,95.24,40.0,Reduce Import Dependency,,,World Bank (SP.POP.TOTL) via datasets/population mirror,2024.0,"World Bank Data Help Desk - Country and Lending Groups (FY2027, based on 2025 GNI); Continent field from mledoze/countries reference dataset",2026,"Derived: haversine great-circle distance between country centroid coordinates (mledoze/countries reference dataset) and India centroid. Approximate straight-line distance, NOT actual trade/shipping route distance.",Exact calendar year not recoverable from source file; periods kept as relative labels Y1 (current) and Y0 (previous),Valid,2380.99,4568.6,6949.58,-2187.61,2220.1,4991.44,7211.54,-2771.33
2,ALBANIA,ALB,9467.48,56.4,9523.88,9411.08,500.99,56.08,557.06,444.91,99.40780438224758,0.5921956177524287,98.81560876449517,-94.70830675111011,-0.5673758865248233,-94.1509132832417,9523.88,0.0,Valid,9411.08,0.0,Valid,557.07,-0.01,Valid,444.91,0.0,Valid,Europe,Europe and Central Asia,Upper-middle income,22977.68,21.47,9666.15,2.377,No,5823.0,0.006,Trade Surplus,Low Import Dependency,High Export Dependency,Negative Growth,Negative Growth,Negative Growth,26.7,Low Trade Pressure,31.5,26.7,52.4,47.2,473.37,321.88,151.49,32.0,378.7,40.0,Maintain Current Trade,World Bank (NY.GDP.MKTP.CD) via datasets/gdp mirror,2023.0,World Bank (SP.POP.TOTL) via datasets/population mirror,2024.0,"World Bank Data Help Desk - Country and Lending Groups (FY2027, based on 2025 GNI); Continent field from mledoze/countries reference dataset",2026,"Derived: haversine great-circle distance between country centroid coordinates (mledoze/countries reference dataset) and India centroid. Approximate straight-line distance, NOT actual trade/shipping route distance.",Exact calendar year not recoverable from source file; periods kept as relative labels Y1 (current) and Y0 (previous),Valid,9467.48,56.4,9523.88,9411.08,500.99,56.08,557.06,444.91
3,ALGERIA,DZA,5636.04,5462.03,11098.06,174.01,6432.01,5580.98,12012.99,851.04,50.7840108992022,49.21607920663612,1.567931692566088,14.122859312566986,2.177761747921557,8.244053465200226,11098.07,-0.01,Valid,174.01000000000022,-0.0,Valid,12012.99,0.0,Valid,851.0300000000007,0.01,Valid,Africa,"Middle East, North Africa, Afghanistan and Pakistan",Upper-middle income,239899.49,6.36,5124.49,46.814,No,7460.0,0.9691,Balanced,Low Import Dependency,Moderate Export Dependency,High Growth,Moderate Growth,Moderate Growth,25.0,Low Trade Pressure,65.9,25.0,70.4,63.4,281.8,191.62,90.18,32.0,225.44,40.0,Increase Exports,World Bank (NY.GDP.MKTP.CD) via datasets/gdp mirror,2023.0,World Bank (SP.POP.TOTL) via datasets/population mirror,2024.0,"World Bank Data Help Desk - Country and Lending Groups (FY2027, based on 2025 GNI); Continent field from mledoze/countries reference dataset",2026,"Derived: haversine great-circle distance between country centroid coordinates (mledoze/countries reference dataset) and India centroid. Approximate straight-line distance, NOT actual trade/shipping route distance.",Exact calendar year not recoverable from source file; periods kept as relative labels Y1 (current) and Y0 (previous),Valid,5636.04,5462.03,11098.06,174.01,6432.01,5580.98,12012.99,851.04
4,AMERI SAMOA,ASM,2.93,0.4,3.33,2.54,19.86,0.12,19.98,19.74,87.98798798798799,12.012012012012011,76.27627627627628,577.8156996587031,-70.0,499.9999999999999,3.33,0.0,Valid,2.53,0.01,Valid,19.98,0.0,Valid,19.74,0.0,Valid,Oceania,East Asia and Pacific,High income,,,,0.047,No,12913.0,0.1365,Trade Surplus,Low Import Dependency,High Export Dependency,High Growth,Negative Growth,High Growth,7.1,Low Trade Pressure,62.4,7.1,77.6,69.8,0.15,0.1,0.05,33.33,0.12,41.67,Diversify Product,,,World Bank (SP.POP.TOTL) via datasets/population mirror,2024.0,"World Bank Data Help Desk - Country and Lending Groups (FY2027, based on 2025 GNI); Continent field from mledoze/countries reference dataset",2026,"Derived: haversine great-circle distance between country centroid coordinates (mledoze/countries reference dataset) and India centroid. Approximate straight-line distance, NOT actual trade/shipping route distance.",Exact calendar year not recoverable from source file; periods kept as relative labels Y1 (current) and Y0 (previous),Valid,2.93,0.4,3.33,2.54,19.86,0.12,19.98,19.74
5,ANDORRA,AND,2.04,0.39,2.44,1.65,1.77,0.26,2.03,1.52,83.60655737704919,15.983606557377051,67.62295081967213,-13.23529411764706,-33.33333333333333,-16.803278688524596,2.43,0.01,Valid,1.65,0.0,Valid,2.03,-0.0,Valid,1.51,0.01,Valid,Europe,Europe and Central Asia,High income,3727.67,10.27,45493.83,0.082,No,7354.0,0.1912,Trade Surplus,Low Import Dependency,High Export Dependency,Negative Growth,Negative Growth,Negative Growth,25.2,Low Trade Pressure,23.5,25.2,49.2,44.3,0.1,0.07,0.03,30.0,0.08,37.5,Maintain Current Trade,World Bank (NY.GDP.MKTP.CD) via datasets/gdp mirror,2023.0,World Bank (SP.POP.TOTL) via datasets/population mirror,2024.0,"World Bank Data Help Desk - Country and Lending Groups (FY2027, based on 2025 GNI); Continent field from mledoze/countries reference dataset",2026,"Derived: haversine great-circle distance between country centroid coordinates (mledoze/countries reference dataset) and India centroid. Approximate straight-line distance, NOT actual trade/shipping route distance.",Exact calendar year not recoverable from source file; periods kept as relative labels Y1 (current) and Y0 (previous),Valid,2.04,0.39,2.44,1.65,1.77,0.26,2.03,1.52
6,ANGOLA,AGO,4487.02,20734.44,25221.47,-16247.42,3748.86,29999.01,33747.87,-26250.15,17.790477716009416,82.209482635231,-64.4190049192216,-16.451007572954886,44.6820362643023,33.806118358684095,25221.46,0.01,Valid,-16247.419999999998,-0.0,Valid,33747.869999999995,0.0,Valid,-26250.15,-0.0,Valid,Africa,Sub-Saharan Africa,Lower-middle income,84722.96,-18.85,2236.27,37.886,No,7349.0,4.621,Trade Deficit,High Import Dependency,Low Export Dependency,Negative Growth,High Growth,High Growth,31.5,Low Trade Pressure,46.3,31.5,57.4,51.7,224.35,152.55,71.8,32.0,179.48,40.0,Reduce Import Dependency,World Bank (NY.GDP.MKTP.CD) via datasets/gdp mirror,2023.0,World Bank (SP.POP.TOTL) via datasets/population mirror,2024.0,"World Bank Data Help Desk - Country and Lending Groups (FY2027, based on 2025 GNI); Continent field from mledoze/countries reference dataset",2026,"Derived: haversine great-circle distance between country centroid coordinates (mledoze/countries reference dataset) and India centroid. Approximate straight-line distance, NOT actual trade/shipping route distance.",Exact calendar year not recoverable from source file; periods kept as relative labels Y1 (current) and Y0 (previous),Valid,4487.02,20734.44,25221.47,-16247.42,3748.86,29999.01,33747.87,-26250.15
7,ANGUILLA,AIA,1.91,2.44,4.35,-0.53,1.16,1.06,2.22,0.1,43.9080459770115,56.09195402298851,-12.183908045977011,-39.26701570680628,-56.55737704918032,-48.9655172413793,4.35,0.0,Valid,-0.53,0.0,Valid,2.22,0.0,Valid,0.0999999999999998,0.0,Valid,Americas,,,,,,,No,13935.0,1.2775,Trade Deficit,Moderate Import Dependency,Low Export Dependency,Negative Growth,Negative Growth,Negative Growth,25.8,Low Trade Pressure,7.5,25.8,40.8,36.7,0.1,0.07,0.03,30.0,0.08,37.5,Maintain Current Trade,,,,,"World Bank Data Help Desk - Country and Lending Groups (FY2027, based on 2025 GNI); Continent field from mledoze/countries reference dataset",2026,"Derived: haversine great-circle distance between country centroid coordinates (mledoze/countries reference dataset) and India centroid. Approximate straight-line distance, NOT actual trade/shipping route distance.",Exact calendar year not recoverable from source file; periods kept as relative labels Y1 (current) and Y0 (previous),Valid,1.91,2.44,4.35,-0.53,1.16,1.06,2.22,0.1
8,ANTARTICA,,2.15,3.7,5.85,-1.54,1.73,2.34,4.08,-0.61,36.75213675213676,63.24786324786326,-26.324786324786327,-19.534883720930228,-36.756756756756765,-30.25641025641025,5.85,0.0,Valid,-1.5500000000000005,0.01,Valid,4.07,0.01,Valid,-0.6099999999999999,-0.0,Valid,,,,,,,,Missing,,1.7209,Trade Deficit,Moderate Import Dependency,Low Export Dependency,Negative Growth,Negative Growth,Negative Growth,25.5,Low Trade Pressure,19.9,25.5,47.2,42.5,0.11,0.07,0.04,36.36,0.09,44.44,Maintain Current Trade,,,,,"World Bank Data Help Desk - Country and Lending Groups (FY2027, based on 2025 GNI); Continent field from mledoze/countries reference dataset",2026,"Derived: haversine great-circle distance between country centroid coordinates (mledoze/countries reference dataset) and India centroid. Approximate straight-line distance, NOT actual trade/shipping route distance.",Exact calendar year not recoverable from source file; periods kept as relative labels Y1 (current) and Y0 (previous),Valid,2.15,3.7,5.85,-1.54,1.73,2.34,4.08,-0.61
9,ANTIGUA,ATG,116.78,5.92,122.7,110.86,38.02,4.55,42.57,33.47,95.17522412387936,4.824775876120619,90.35044824775876,-67.44305531769137,-23.14189189189189,-65.30562347188264,122.7,0.0,Valid,110.86,0.0,Valid,42.57,0.0,Valid,33.470000000000006,-0.0,Valid,Americas,Latin America and the Caribbean,High income,2033.09,8.85,21681.15,0.094,No,13916.0,0.0507,Trade Surplus,Low Import Dependency,High Export Dependency,Negative Growth,Negative Growth,Negative Growth,27.7,Low Trade Pressure,9.0,27.7,40.6,36.5,5.84,3.97,1.87,32.02,4.67,40.04,Maintain Current Trade,World Bank (NY.GDP.MKTP.CD) via datasets/gdp mirror,2023.0,World Bank (SP.POP.TOTL) via datasets/population mirror,2024.0,"World Bank Data Help Desk - Country and Lending Groups (FY2027, based on 2025 GNI); Continent field from mledoze/countries reference dataset",2026,"Derived: haversine great-circle distance between country centroid coordinates (mledoze/countries reference dataset) and India centroid. Approximate straight-line distance, NOT actual trade/shipping route distance.",Exact calendar year not recoverable from source file; periods kept as relative labels Y1 (current) and Y0 (previous),Valid,116.78,5.92,122.7,110.86,38.02,4.55,42.57,33.47
10,ARGENTINA,ARG,7274.48,17117.95,24392.43,-9843.46,6504.15,27682.29,34186.44,-21178.14,29.82269499184788,70.17730500815212,-40.35456901997874,-10.589485434010404,61.714983394623765,40.151842190384485,24392.43,0.0,Valid,-9843.47,0.01,Valid,34186.44,0.0,Valid,-21178.14,0.0,Valid,Americas,Latin America and the Caribbean,Upper-middle income,640591.41,1.5,14018.5,45.696,Partial/Preferential (SAFTA/SAPTA/MERCOSUR PTA/APTA),15880.0,2.3532,Trade Deficit,High Import Dependency,Low Export Dependency,Negative Growth,High Growth,High Growth,30.0,Low Trade Pressure,53.3,30.0,61.6,55.4,363.72,247.33,116.39,32.0,290.98,40.0,Diversify Product,World Bank (NY.GDP.MKTP.CD) via datasets/gdp mirror,2023.0,World Bank (SP.POP.TOTL) via datasets/population mirror,2024.0,"World Bank Data Help Desk - Country and Lending Groups (FY2027, based on 2025 GNI); Continent field from mledoze/countries reference dataset",2026,"Derived: haversine great-circle distance between country centroid coordinates (mledoze/countries reference dataset) and India centroid. Approximate straight-line distance, NOT actual trade/shipping route distance.",Exact calendar year not recoverable from source file; periods kept as relative labels Y1 (current) and Y0 (previous),Valid,7274.48,17117.95,24392.43,-9843.46,6504.15,27682.29,34186.44,-21178.14
11,ARMENIA,ARM,660.17,293.69,953.86,366.48,1702.54,304.37,2006.91,1398.17,69.21036630113433,30.78963369886566,38.42073260226868,157.89417877213447,3.636487452756312,110.39880066257103,953.86,0.0,Valid,366.48,0.0,Valid,2006.91,0.0,Valid,1398.17,0.0,Valid,Asia,Europe and Central Asia,Upper-middle income,24212.13,24.08,7981.58,3.034,No,3766.0,0.4449,Trade Surplus,Low Import Dependency,High Export Dependency,High Growth,Moderate Growth,High Growth,19.0,Low Trade Pressure,75.9,19.0,78.4,70.6,33.01,22.45,10.56,31.99,26.41,39.98,Increase Exports,World Bank (NY.GDP.MKTP.CD) via datasets/gdp mirror,2023.0,World Bank (SP.POP.TOTL) via datasets/population mirror,2024.0,"World Bank Data Help Desk - Country and Lending Groups (FY2027, based on 2025 GNI); Continent field from mledoze/countries reference dataset",2026,"Derived: haversine great-circle distance between country centroid coordinates (mledoze/countries reference dataset) and India centroid. Approximate straight-line distance, NOT actual trade/shipping route distance.",Exact calendar year not recoverable from source file; periods kept as relative labels Y1 (current) and Y0 (previous),Valid,660.17,293.69,953.86,366.48,1702.54,304.37,2006.91,1398.17
12,ARUBA,ABW,101.57,8.36,109.93,93.21,83.71,3.99,87.7,79.73,92.3951605567179,7.604839443282088,84.79032111343581,-17.583932263463623,-52.27272727272727,-20.221959428727374,109.93,0.0,Valid,93.21,0.0,Valid,87.69999999999999,0.0,Valid,79.72,0.01,Valid,Americas,Latin America and the Caribbean,High income,,,,0.108,No,14904.0,0.0823,Trade Surplus,Low Import Dependency,High Export Dependency,Negative Growth,Negative Growth,Negative Growth,24.9,Low Trade Pressure,28.1,24.9,51.6,46.4,5.08,3.44,1.64,32.28,4.06,40.39,Maintain Current Trade,,,World Bank (SP.POP.TOTL) via datasets/population mirror,2024.0,"World Bank Data Help Desk - Country and Lending Groups (FY2027, based on 2025 GNI); Continent field from mledoze/countries reference dataset",2026,"Derived: haversine great-circle distance between country centroid coordinates (mledoze/countries reference dataset) and India centroid. Approximate straight-line distance, NOT actual trade/shipping route distance.",Exact calendar year not recoverable from source file; periods kept as relative labels Y1 (current) and Y0 (previous),Valid,101.57,8.36,109.93,93.21,83.71,3.99,87.7,79.73
13,AUSTRALIA,AUS,57877.62,114042.23,171919.85,-56164.61,58621.17,113738.31,172359.48,-55117.14,33.66546678583072,66.33453321416928,-32.66906642833855,1.284693461825133,-0.2664977701681195,0.2557179988232916,171919.85,0.0,Valid,-56164.60999999999,-0.0,Valid,172359.47999999998,0.0,Valid,-55117.14,0.0,Valid,Oceania,East Asia and Pacific,High income,1723827.22,1.82,63383.43,27.197,Yes - In force,7980.0,1.9704,Trade Deficit,High Import Dependency,Low Export Dependency,Moderate Growth,Negative Growth,Moderate Growth,38.7,Low Trade Pressure,69.1,38.7,65.2,68.7,2893.88,1967.84,926.04,32.0,2315.1,40.0,Increase Exports,World Bank (NY.GDP.MKTP.CD) via datasets/gdp mirror,2023.0,World Bank (SP.POP.TOTL) via datasets/population mirror,2024.0,"World Bank Data Help Desk - Country and Lending Groups (FY2027, based on 2025 GNI); Continent field from mledoze/countries reference dataset",2026,"Derived: haversine great-circle distance between country centroid coordinates (mledoze/countries reference dataset) and India centroid. Approximate straight-line distance, NOT actual trade/shipping route distance.",Exact calendar year not recoverable from source file; periods kept as relative labels Y1 (current) and Y0 (previous),Valid,57877.62,114042.23,171919.85,-56164.61,58621.17,113738.31,172359.48,-55117.14
14,AUSTRIA,AUT,7341.82,6256.77,13598.59,1085.04,9757.64,6619.35,16376.99,3138.3,53.98956803609786,46.01043196390214,7.979062535159895,32.90492003345219,5.795002852909727,20.431530033628484,13598.59,0.0,Valid,1085.0499999999993,-0.01,Valid,16376.99,0.0,Valid,3138.289999999999,0.01,Valid,Europe,Europe and Central Asia,High income,516034.14,9.57,56225.23,9.178,"Concluded (EU-India FTA, Jan 2026) - Not yet in force",6419.0,0.8522,Trade Surplus,Low Import Dependency,Moderate Export Dependency,High Growth,Moderate Growth,High Growth,24.1,Low Trade Pressure,79.6,24.1,77.8,70.0,367.09,249.62,117.47,32.0,293.67,40.0,Increase Exports,World Bank (NY.GDP.MKTP.CD) via datasets/gdp mirror,2023.0,World Bank (SP.POP.TOTL) via datasets/population mirror,2024.0,"World Bank Data Help Desk - Country and Lending Groups (FY2027, based on 2025 GNI); Continent field from mledoze/countries reference dataset",2026,"Derived: haversine great-circle distance between country centroid coordinates (mledoze/countries reference dataset) and India centroid. Approximate straight-line distance, NOT actual trade/shipping route distance.",Exact calendar year not recoverable from source file; periods kept as relative labels Y1 (current) and Y0 (previous),Valid,7341.82,6256.77,13598.59,1085.04,9757.64,6619.35,16376.99,3138.3
15,AZERBAIJAN,AZE,619.52,4.63,624.15,614.89,668.54,16.11,684.65,652.43,99.25819113995034,0.7418088600496675,98.51638227990068,7.91257747933884,247.94816414686824,9.693182728510775,624.15,0.0,Valid,614.89,0.0,Valid,684.65,0.0,Valid,652.43,0.0,Valid,Asia,Europe and Central Asia,Upper-middle income,72356.18,-8.19,7091.78,10.203,No,3606.0,0.0075,Trade Surplus,Low Import Dependency,High Export Dependency,Moderate Growth,High Growth,Moderate Growth,31.5,Low Trade Pressure,50.0,31.5,59.2,53.3,30.98,21.07,9.91,31.99,24.78,39.99,Diversify Product,World Bank (NY.GDP.MKTP.CD) via datasets/gdp mirror,2023.0,World Bank (SP.POP.TOTL) via datasets/population mirror,2024.0,"World Bank Data Help Desk - Country and Lending Groups (FY2027, based on 2025 GNI); Continent field from mledoze/countries reference dataset",2026,"Derived: haversine great-circle distance between country centroid coordinates (mledoze/countries reference dataset) and India centroid. Approximate straight-line distance, NOT actual trade/shipping route distance.",Exact calendar year not recoverable from source file; periods kept as relative labels Y1 (current) and Y0 (previous),Valid,619.52,4.63,624.15,614.89,668.54,16.11,684.65,652.43
16,BAHAMAS,BHS,486.19,99.9,586.08,386.29,76.14,42.82,118.96,33.33,82.9562517062517,17.045454545454543,65.91079716079716,-84.33945576832103,-57.13713713713714,-79.70242970242971,586.09,-0.01,Valid,386.29,0.0,Valid,118.96,-0.0,Valid,33.32,0.01,Valid,Americas,Latin America and the Caribbean,High income,14338.5,9.15,35731.64,0.401,No,14292.0,0.2055,Trade Surplus,Low Import Dependency,High Export Dependency,Negative Growth,Negative Growth,Negative Growth,27.4,Low Trade Pressure,13.8,27.4,43.2,38.9,24.31,16.53,7.78,32.0,19.45,40.0,Maintain Current Trade,World Bank (NY.GDP.MKTP.CD) via datasets/gdp mirror,2023.0,World Bank (SP.POP.TOTL) via datasets/population mirror,2024.0,"World Bank Data Help Desk - Country and Lending Groups (FY2027, based on 2025 GNI); Continent field from mledoze/countries reference dataset",2026,"Derived: haversine great-circle distance between country centroid coordinates (mledoze/countries reference dataset) and India centroid. Approximate straight-line distance, NOT actual trade/shipping route distance.",Exact calendar year not recoverable from source file; periods kept as relative labels Y1 (current) and Y0 (previous),Valid,486.19,99.9,586.08,386.29,76.14,42.82,118.96,33.33
17,BAHARAIN IS,BHR,5460.25,4862.26,10322.51,597.99,5655.02,6257.57,11912.59,-602.55,52.896533885653774,47.10346611434622,5.79306777130756,3.567052790623148,28.69673773101396,15.4040054211621,10322.51,0.0,Valid,597.9899999999998,0.0,Valid,11912.59,0.0,Valid,-602.5499999999993,-0.0,Valid,Asia,"Middle East, North Africa, Afghanistan and Pakistan",High income,43205.0,-2.65,27195.7,1.589,No,2783.0,0.8905,Trade Surplus,Low Import Dependency,Moderate Export Dependency,Moderate Growth,High Growth,High Growth,26.0,Low Trade Pressure,59.2,26.0,66.6,59.9,273.01,185.65,87.36,32.0,218.41,40.0,Diversify Product,World Bank (NY.GDP.MKTP.CD) via datasets/gdp mirror,2023.0,World Bank (SP.POP.TOTL) via datasets/population mirror,2024.0,"World Bank Data Help Desk - Country and Lending Groups (FY2027, based on 2025 GNI); Continent field from mledoze/countries reference dataset",2026,"Derived: haversine great-circle distance between country centroid coordinates (mledoze/countries reference dataset) and India centroid. Approximate straight-line distance, NOT actual trade/shipping route distance.",Exact calendar year not recoverable from source file; periods kept as relative labels Y1 (current) and Y0 (previous),Valid,5460.25,4862.26,10322.51,597.99,5655.02,6257.57,11912.59,-602.55
18,BANGLADESH PR,BGD,72931.79,12936.26,85868.04,59995.53,79095.61,14161.29,93256.9,64934.31,84.93473241033567,15.0652792354408,69.86945317489489,8.451485970658347,9.469738548854156,8.60490119490325,85868.04999999999,-0.01,Valid,59995.52999999999,0.0,Valid,93256.9,0.0,Valid,64934.32,-0.01,Valid,Asia,South Asia,Lower-middle income,437415.33,-4.94,2520.22,173.562,Partial/Preferential (SAFTA/SAPTA/MERCOSUR PTA/APTA),1411.0,0.1774,Trade Surplus,Low Import Dependency,High Export Dependency,Moderate Growth,Moderate Growth,Moderate Growth,18.9,Low Trade Pressure,73.8,18.9,77.4,69.7,3646.59,2479.68,1166.91,32.0,2917.27,40.0,Increase Exports,World Bank (NY.GDP.MKTP.CD) via datasets/gdp mirror,2023.0,World Bank (SP.POP.TOTL) via datasets/population mirror,2024.0,"World Bank Data Help Desk - Country and Lending Groups (FY2027, based on 2025 GNI); Continent field from mledoze/countries reference dataset",2026,"Derived: haversine great-circle distance between country centroid coordinates (mledoze/countries reference dataset) and India centroid. Approximate straight-line distance, NOT actual trade/shipping route distance.",Exact calendar year not recoverable from source file; periods kept as relative labels Y1 (current) and Y0 (previous),Valid,72931.79,12936.26,85868.04,59995.53,79095.61,14161.29,93256.9,64934.31
19,BARBADOS,BRB,130.6,22.89,153.49,107.72,196.63,12.69,209.32,183.94,85.08697635025082,14.913023649749167,70.18046778291745,50.55895865237366,-44.56094364351245,36.373705127369846,153.49,0.0,Valid,107.71,0.01,Valid,209.32,0.0,Valid,183.94,0.0,Valid,Americas,Latin America and the Caribbean,High income,6393.56,9.47,22634.73,0.282,No,13998.0,0.1753,Trade Surplus,Low Import Dependency,High Export Dependency,High Growth,Negative Growth,High Growth,22.3,Low Trade Pressure,69.2,22.3,73.4,66.1,6.53,4.44,2.09,32.01,5.22,40.04,Increase Exports,World Bank (NY.GDP.MKTP.CD) via datasets/gdp mirror,2023.0,World Bank (SP.POP.TOTL) via datasets/population mirror,2024.0,"World Bank Data Help Desk - Country and Lending Groups (FY2027, based on 2025 GNI); Continent field from mledoze/countries reference dataset",2026,"Derived: haversine great-circle distance between country centroid coordinates (mledoze/countries reference dataset) and India centroid. Approximate straight-line distance, NOT actual trade/shipping route distance.",Exact calendar year not recoverable from source file; periods kept as relative labels Y1 (current) and Y0 (previous),Valid,130.6,22.89,153.49,107.72,196.63,12.69,209.32,183.94
20,BELARUS,BLR,297.48,100.69,398.16,196.79,486.17,286.69,772.87,199.48,74.71368294153105,25.28882861161341,49.424854329917615,63.429474250369765,184.72539477604528,94.11040787623064,398.17,-0.01,Valid,196.79,-0.0,Valid,772.86,0.01,Valid,199.48,-0.0,Valid,Europe,Europe and Central Asia,Upper-middle income,71857.38,-2.6,7868.2,9.133,No,5548.0,0.3385,Trade Surplus,Low Import Dependency,High Export Dependency,High Growth,High Growth,High Growth,27.7,Low Trade Pressure,71.8,27.7,72.0,64.8,14.87,10.11,4.76,32.01,11.9,40.0,Increase Exports,World Bank (NY.GDP.MKTP.CD) via datasets/gdp mirror,2023.0,World Bank (SP.POP.TOTL) via datasets/population mirror,2024.0,"World Bank Data Help Desk - Country and Lending Groups (FY2027, based on 2025 GNI); Continent field from mledoze/countries reference dataset",2026,"Derived: haversine great-circle distance between country centroid coordinates (mledoze/countries reference dataset) and India centroid. Approximate straight-line distance, NOT actual trade/shipping route distance.",Exact calendar year not recoverable from source file; periods kept as relative labels Y1 (current) and Y0 (previous),Valid,297.48,100.69,398.16,196.79,486.17,286.69,772.87,199.48
21,BELGIUM,BEL,53642.84,49595.68,103238.52,4047.16,43473.64,46604.31,90077.95,-3130.68,51.96010171397265,48.03989828602735,3.920203427945305,-18.95723641775864,-6.031513228571526,-12.747732144939706,103238.52,0.0,Valid,4047.159999999996,0.0,Valid,90077.95,0.0,Valid,-3130.6699999999983,-0.01,Valid,Europe,Europe and Central Asia,High income,632216.58,8.33,53312.87,11.859,"Concluded (EU-India FTA, Jan 2026) - Not yet in force",7114.0,0.9246,Trade Surplus,Low Import Dependency,Moderate Export Dependency,Negative Growth,Negative Growth,Negative Growth,25.3,Low Trade Pressure,56.2,25.3,65.4,58.9,2682.14,1823.86,858.28,32.0,2145.71,40.0,Diversify Product,World Bank (NY.GDP.MKTP.CD) via datasets/gdp mirror,2023.0,World Bank (SP.POP.TOTL) via datasets/population mirror,2024.0,"World Bank Data Help Desk - Country and Lending Groups (FY2027, based on 2025 GNI); Continent field from mledoze/countries reference dataset",2026,"Derived: haversine great-circle distance between country centroid coordinates (mledoze/countries reference dataset) and India centroid. Approximate straight-line distance, NOT actual trade/shipping route distance.",Exact calendar year not recoverable from source file; periods kept as relative labels Y1 (current) and Y0 (previous),Valid,53642.84,49595.68,103238.52,4047.16,43473.64,46604.31,90077.95,-3130.68
22,BELIZE,BLZ,89.68,154.31,243.99,-64.63,84.96,5.96,90.92,79.0,36.75560473789909,63.24439526210091,-26.48879052420181,-5.263157894736857,-96.13764500032404,-62.73617771220131,243.99,0.0,Valid,-64.63,0.0,Valid,90.92,0.0,Valid,79.0,0.0,Valid,Americas,Latin America and the Caribbean,Upper-middle income,3281.5,15.93,7867.95,0.417,No,15591.0,1.7207,Trade Deficit,Moderate Import Dependency,Low Export Dependency,Negative Growth,Negative Growth,Negative Growth,23.5,Low Trade Pressure,35.3,23.5,55.9,50.3,4.48,3.04,1.44,32.14,3.58,40.22,Maintain Current Trade,World Bank (NY.GDP.MKTP.CD) via datasets/gdp mirror,2023.0,World Bank (SP.POP.TOTL) via datasets/population mirror,2024.0,"World Bank Data Help Desk - Country and Lending Groups (FY2027, based on 2025 GNI); Continent field from mledoze/countries reference dataset",2026,"Derived: haversine great-circle distance between country centroid coordinates (mledoze/countries reference dataset) and India centroid. Approximate straight-line distance, NOT actual trade/shipping route distance.",Exact calendar year not recoverable from source file; periods kept as relative labels Y1 (current) and Y0 (previous),Valid,89.68,154.31,243.99,-64.63,84.96,5.96,90.92,79.0
23,BENIN,BEN,5232.63,1318.01,6550.64,3914.61,8095.73,1001.29,9097.02,7094.45,79.87967587899809,20.12032412100192,59.759199101156526,54.71627078543676,-24.030166690692788,38.87223233149738,6550.64,0.0,Valid,3914.62,-0.01,Valid,9097.02,0.0,Valid,7094.44,0.01,Valid,Africa,Sub-Saharan Africa,Lower-middle income,19673.28,12.9,1360.28,14.463,No,8065.0,0.2519,Trade Surplus,Low Import Dependency,High Export Dependency,High Growth,Negative Growth,High Growth,21.7,Low Trade Pressure,86.7,21.7,82.5,74.2,261.63,177.92,83.71,32.0,209.3,40.0,Increase Exports,World Bank (NY.GDP.MKTP.CD) via datasets/gdp mirror,2023.0,World Bank (SP.POP.TOTL) via datasets/population mirror,2024.0,"World Bank Data Help Desk - Country and Lending Groups (FY2027, based on 2025 GNI); Continent field from mledoze/countries reference dataset",2026,"Derived: haversine great-circle distance between country centroid coordinates (mledoze/countries reference dataset) and India centroid. Approximate straight-line distance, NOT actual trade/shipping route distance.",Exact calendar year not recoverable from source file; periods kept as relative labels Y1 (current) and Y0 (previous),Valid,5232.63,1318.01,6550.64,3914.61,8095.73,1001.29,9097.02,7094.45
24,BERMUDA,BMU,,,0.0,0.0,35.09,0.28,35.37,34.81,,,,,,,,,Missing,,,Missing,35.370000000000005,-0.0,Valid,34.81,0.0,Valid,Americas,North America,High income,,,,0.065,No,12914.0,,Missing,Missing,Missing,Missing,Missing,Missing,51.5,Moderate Trade Pressure,,51.5,,,0.0,0.0,0.0,,0.0,,Insufficient Data,,,World Bank (SP.POP.TOTL) via datasets/population mirror,2024.0,"World Bank Data Help Desk - Country and Lending Groups (FY2027, based on 2025 GNI); Continent field from mledoze/countries reference dataset",2026,"Derived: haversine great-circle distance between country centroid coordinates (mledoze/countries reference dataset) and India centroid. Approximate straight-line distance, NOT actual trade/shipping route distance.",Exact calendar year not recoverable from source file; periods kept as relative labels Y1 (current) and Y0 (previous),Valid,,,0.0,0.0,35.09,0.28,35.37,34.81
25,BHUTAN,BTN,6544.52,2332.67,8877.19,4211.85,8907.57,4458.71,13366.28,4448.85,73.72287852349673,26.27712147650326,47.44575704699348,36.10730809898968,91.14191034308324,50.56881738478054,8877.19,0.0,Valid,4211.85,0.0,Valid,13366.28,0.0,Valid,4448.86,-0.01,Valid,Asia,South Asia,Lower-middle income,,,,0.792,Partial/Preferential (SAFTA/SAPTA/MERCOSUR PTA/APTA),1606.0,0.3564,Trade Surplus,Low Import Dependency,High Export Dependency,High Growth,High Growth,High Growth,25.4,Low Trade Pressure,80.2,25.4,77.4,69.7,327.23,222.52,104.71,32.0,261.78,40.0,Increase Exports,,,World Bank (SP.POP.TOTL) via datasets/population mirror,2024.0,"World Bank Data Help Desk - Country and Lending Groups (FY2027, based on 2025 GNI); Continent field from mledoze/countries reference dataset",2026,"Derived: haversine great-circle distance between country centroid coordinates (mledoze/countries reference dataset) and India centroid. Approximate straight-line distance, NOT actual trade/shipping route distance.",Exact calendar year not recoverable from source file; periods kept as relative labels Y1 (current) and Y0 (previous),Valid,6544.52,2332.67,8877.19,4211.85,8907.57,4458.71,13366.28,4448.85
26,BOLIVIA,BOL,515.48,8598.87,9114.34,-8083.39,480.56,2804.86,3285.42,-2324.3,5.655702991110712,94.34440672610414,-88.68870373499344,-6.774268642818347,-67.38106286058516,-63.95328679860528,9114.35,-0.01,Valid,-8083.390000000001,0.0,Valid,3285.42,0.0,Valid,-2324.3,0.0,Valid,Americas,Latin America and the Caribbean,Lower-middle income,45849.83,4.18,3693.6,12.413,No,16002.0,16.6813,Trade Deficit,High Import Dependency,Low Export Dependency,Negative Growth,Negative Growth,Negative Growth,27.3,Low Trade Pressure,40.1,27.3,56.4,50.8,25.77,17.52,8.25,32.01,20.62,40.01,Reduce Import Dependency,World Bank (NY.GDP.MKTP.CD) via datasets/gdp mirror,2023.0,World Bank (SP.POP.TOTL) via datasets/population mirror,2024.0,"World Bank Data Help Desk - Country and Lending Groups (FY2027, based on 2025 GNI); Continent field from mledoze/countries reference dataset",2026,"Derived: haversine great-circle distance between country centroid coordinates (mledoze/countries reference dataset) and India centroid. Approximate straight-line distance, NOT actual trade/shipping route distance.",Exact calendar year not recoverable from source file; periods kept as relative labels Y1 (current) and Y0 (previous),Valid,515.48,8598.87,9114.34,-8083.39,480.56,2804.86,3285.42,-2324.3
27,BOSNIA-HRZGOVIN,BIH,211.0,41.82,252.82,169.18,113.08,54.67,167.75,58.41,83.45858713709359,16.541412862906416,66.91717427418718,-46.40758293838863,30.72692491630799,-33.64844553437228,252.82,0.0,Valid,169.18,0.0,Valid,167.75,0.0,Valid,58.41,0.0,Valid,Europe,Europe and Central Asia,Upper-middle income,27054.89,10.27,8550.17,3.164,No,6021.0,0.1982,Trade Surplus,Low Import Dependency,High Export Dependency,Negative Growth,High Growth,Negative Growth,28.2,Low Trade Pressure,12.7,28.2,42.2,38.0,10.55,7.17,3.38,32.04,8.44,40.05,Maintain Current Trade,World Bank (NY.GDP.MKTP.CD) via datasets/gdp mirror,2023.0,World Bank (SP.POP.TOTL) via datasets/population mirror,2024.0,"World Bank Data Help Desk - Country and Lending Groups (FY2027, based on 2025 GNI); Continent field from mledoze/countries reference dataset",2026,"Derived: haversine great-circle distance between country centroid coordinates (mledoze/countries reference dataset) and India centroid. Approximate straight-line distance, NOT actual trade/shipping route distance.",Exact calendar year not recoverable from source file; periods kept as relative labels Y1 (current) and Y0 (previous),Valid,211.0,41.82,252.82,169.18,113.08,54.67,167.75,58.41
28,BOTSWANA,BWA,663.34,2158.63,2821.97,-1495.29,1237.12,2270.04,3507.17,-1032.92,23.506273985903466,76.49372601409654,-52.98745202819307,86.49862815449089,5.161143873660602,24.28091014433181,2821.9700000000003,-0.0,Valid,-1495.29,0.0,Valid,3507.16,0.01,Valid,-1032.92,0.0,Valid,Africa,Sub-Saharan Africa,Upper-middle income,19395.77,-4.56,7693.25,2.521,No,7412.0,3.2542,Trade Deficit,High Import Dependency,Low Export Dependency,High Growth,Moderate Growth,High Growth,22.7,Low Trade Pressure,76.0,22.7,76.6,68.9,33.17,22.56,10.61,31.99,26.54,39.98,Increase Exports,World Bank (NY.GDP.MKTP.CD) via datasets/gdp mirror,2023.0,World Bank (SP.POP.TOTL) via datasets/population mirror,2024.0,"World Bank Data Help Desk - Country and Lending Groups (FY2027, based on 2025 GNI); Continent field from mledoze/countries reference dataset",2026,"Derived: haversine great-circle distance between country centroid coordinates (mledoze/countries reference dataset) and India centroid. Approximate straight-line distance, NOT actual trade/shipping route distance.",Exact calendar year not recoverable from source file; periods kept as relative labels Y1 (current) and Y0 (previous),Valid,663.34,2158.63,2821.97,-1495.29,1237.12,2270.04,3507.17,-1032.92
29,BR VIRGN IS,VGB,3.88,1154.07,1157.95,-1150.18,14.43,30.96,45.39,-16.53,0.3350749168789671,99.66492508312102,-99.32898657109548,271.9072164948454,-97.31732043983466,-96.08014162960404,1157.95,0.0,Valid,-1150.1899999999998,0.01,Valid,45.39,0.0,Valid,-16.53,0.0,Valid,Americas,Latin America and the Caribbean,High income,,,,0.039,No,14034.0,297.4407,Trade Deficit,High Import Dependency,Low Export Dependency,High Growth,Negative Growth,Negative Growth,37.2,Low Trade Pressure,62.8,37.2,62.8,56.5,0.19,0.13,0.06,31.58,0.15,40.0,Diversify Product,,,World Bank (SP.POP.TOTL) via datasets/population mirror,2024.0,"World Bank Data Help Desk - Country and Lending Groups (FY2027, based on 2025 GNI); Continent field from mledoze/countries reference dataset",2026,"Derived: haversine great-circle distance between country centroid coordinates (mledoze/countries reference dataset) and India centroid. Approximate straight-line distance, NOT actual trade/shipping route distance.",Exact calendar year not recoverable from source file; periods kept as relative labels Y1 (current) and Y0 (previous),Valid,3.88,1154.07,1157.95,-1150.18,14.43,30.96,45.39,-16.53
30,BRAZIL,BRA,42068.22,45281.55,87349.77,-3213.33,47890.78,35987.01,83877.79,11903.77,48.160653428165865,51.839346571834135,-3.6786931436682657,13.840756751771282,-20.52610831563849,-3.9748015363978753,87349.77,0.0,Valid,-3213.3300000000017,0.0,Valid,83877.79000000001,-0.0,Valid,11903.769999999997,0.0,Valid,Americas,Latin America and the Caribbean,Upper-middle income,2173665.66,11.36,10253.21,211.999,Partial/Preferential (SAFTA/SAPTA/MERCOSUR PTA/APTA),14760.0,1.0764,Trade Deficit,Moderate Import Dependency,Low Export Dependency,High Growth,Negative Growth,Negative Growth,25.2,Low Trade Pressure,74.6,25.2,74.7,67.2,2103.41,1430.32,673.09,32.0,1682.73,40.0,Increase Exports,World Bank (NY.GDP.MKTP.CD) via datasets/gdp mirror,2023.0,World Bank (SP.POP.TOTL) via datasets/population mirror,2024.0,"World Bank Data Help Desk - Country and Lending Groups (FY2027, based on 2025 GNI); Continent field from mledoze/countries reference dataset",2026,"Derived: haversine great-circle distance between country centroid coordinates (mledoze/countries reference dataset) and India centroid. Approximate straight-line distance, NOT actual trade/shipping route distance.",Exact calendar year not recoverable from source file; periods kept as relative labels Y1 (current) and Y0 (previous),Valid,42068.22,45281.55,87349.77,-3213.33,47890.78,35987.01,83877.79,11903.77
31,BRUNEI,BRN,477.13,610.11,1087.25,-132.98,413.81,1070.3,1484.11,-656.48,43.88411128995171,56.11496895838124,-12.230857668429524,-13.27101628486995,75.42738194751765,36.50126465854218,1087.24,0.01,Valid,-132.98000000000002,0.0,Valid,1484.11,0.0,Valid,-656.49,0.01,Valid,Asia,East Asia and Pacific,High income,15128.29,-9.31,32694.2,0.463,Yes - In force,4425.0,1.2787,Trade Deficit,Moderate Import Dependency,Low Export Dependency,Negative Growth,High Growth,High Growth,28.1,Low Trade Pressure,35.5,28.1,53.7,58.3,23.86,16.22,7.64,32.02,19.09,40.02,Maintain Current Trade,World Bank (NY.GDP.MKTP.CD) via datasets/gdp mirror,2023.0,World Bank (SP.POP.TOTL) via datasets/population mirror,2024.0,"World Bank Data Help Desk - Country and Lending Groups (FY2027, based on 2025 GNI); Continent field from mledoze/countries reference dataset",2026,"Derived: haversine great-circle distance between country centroid coordinates (mledoze/countries reference dataset) and India centroid. Approximate straight-line distance, NOT actual trade/shipping route distance.",Exact calendar year not recoverable from source file; periods kept as relative labels Y1 (current) and Y0 (previous),Valid,477.13,610.11,1087.25,-132.98,413.81,1070.3,1484.11,-656.48
32,BULGARIA,BGR,1507.23,1418.54,2925.77,88.69,1485.99,2293.75,3779.75,-807.76,51.51566937934288,48.484330620657126,3.031338758685748,-1.4092076192750946,61.69794295543306,29.188213701008625,2925.77,0.0,Valid,88.69000000000005,-0.0,Valid,3779.74,0.01,Valid,-807.76,0.0,Valid,Europe,Europe and Central Asia,High income,101584.38,12.44,15770.49,6.441,"Concluded (EU-India FTA, Jan 2026) - Not yet in force",5446.0,0.9412,Trade Surplus,Low Import Dependency,Moderate Export Dependency,Negative Growth,High Growth,High Growth,27.2,Low Trade Pressure,49.1,27.2,61.0,54.9,75.36,51.24,24.12,32.01,60.29,40.01,Diversify Product,World Bank (NY.GDP.MKTP.CD) via datasets/gdp mirror,2023.0,World Bank (SP.POP.TOTL) via datasets/population mirror,2024.0,"World Bank Data Help Desk - Country and Lending Groups (FY2027, based on 2025 GNI); Continent field from mledoze/countries reference dataset",2026,"Derived: haversine great-circle distance between country centroid coordinates (mledoze/countries reference dataset) and India centroid. Approximate straight-line distance, NOT actual trade/shipping route distance.",Exact calendar year not recoverable from source file; periods kept as relative labels Y1 (current) and Y0 (previous),Valid,1507.23,1418.54,2925.77,88.69,1485.99,2293.75,3779.75,-807.76
33,BURKINA FASO,BFA,751.15,1356.44,2107.59,-605.29,998.65,638.89,1637.54,359.76,35.64023363177847,64.35976636822151,-28.719532736443043,32.94947746788258,-52.89950163663708,-22.30272491328959,2107.59,0.0,Valid,-605.2900000000001,0.0,Valid,1637.54,0.0,Valid,359.76,0.0,Valid,Africa,Sub-Saharan Africa,Low income,20324.62,7.99,863.09,23.549,No,8387.0,1.8058,Trade Deficit,Moderate Import Dependency,Low Export Dependency,High Growth,Negative Growth,Negative Growth,23.1,Low Trade Pressure,66.4,23.1,71.6,64.4,37.56,25.54,12.02,32.0,30.05,40.0,Increase Exports,World Bank (NY.GDP.MKTP.CD) via datasets/gdp mirror,2023.0,World Bank (SP.POP.TOTL) via datasets/population mirror,2024.0,"World Bank Data Help Desk - Country and Lending Groups (FY2027, based on 2025 GNI); Continent field from mledoze/countries reference dataset",2026,"Derived: haversine great-circle distance between country centroid coordinates (mledoze/countries reference dataset) and India centroid. Approximate straight-line distance, NOT actual trade/shipping route distance.",Exact calendar year not recoverable from source file; periods kept as relative labels Y1 (current) and Y0 (previous),Valid,751.15,1356.44,2107.59,-605.29,998.65,638.89,1637.54,359.76
34,BURUNDI,BDI,,,0.0,0.0,211.89,8.27,220.15,203.62,,,,,,,,,Missing,,,Missing,220.16,-0.01,Valid,203.62,0.0,Valid,Africa,Sub-Saharan Africa,Low income,2642.16,-20.86,188.08,14.048,No,5757.0,,Missing,Missing,Missing,Missing,Missing,Missing,51.5,Moderate Trade Pressure,,51.5,,,0.0,0.0,0.0,,0.0,,Insufficient Data,World Bank (NY.GDP.MKTP.CD) via datasets/gdp mirror,2023.0,World Bank (SP.POP.TOTL) via datasets/population mirror,2024.0,"World Bank Data Help Desk - Country and Lending Groups (FY2027, based on 2025 GNI); Continent field from mledoze/countries reference dataset",2026,"Derived: haversine great-circle distance between country centroid coordinates (mledoze/countries reference dataset) and India centroid. Approximate straight-line distance, NOT actual trade/shipping route distance.",Exact calendar year not recoverable from source file; periods kept as relative labels Y1 (current) and Y0 (previous),Valid,,,0.0,0.0,211.89,8.27,220.15,203.62
35,C AFRI REP,CAF,524.9,1.95,526.85,522.95,76.51,1.22,77.73,75.29,99.62987567618866,0.3701243238113315,99.25975135237736,-85.42389026481234,-37.43589743589744,-85.24627503084369,526.85,0.0,Valid,522.9499999999999,0.0,Valid,77.73,0.0,Valid,75.29,0.0,Valid,Africa,Sub-Saharan Africa,Low income,2555.49,7.26,479.39,5.331,No,6196.0,0.0037,Trade Surplus,Low Import Dependency,High Export Dependency,Negative Growth,Negative Growth,Negative Growth,27.8,Low Trade Pressure,14.6,27.8,43.4,39.1,26.24,17.84,8.4,32.01,20.99,40.02,Maintain Current Trade,World Bank (NY.GDP.MKTP.CD) via datasets/gdp mirror,2023.0,World Bank (SP.POP.TOTL) via datasets/population mirror,2024.0,"World Bank Data Help Desk - Country and Lending Groups (FY2027, based on 2025 GNI); Continent field from mledoze/countries reference dataset",2026,"Derived: haversine great-circle distance between country centroid coordinates (mledoze/countries reference dataset) and India centroid. Approximate straight-line distance, NOT actual trade/shipping route distance.",Exact calendar year not recoverable from source file; periods kept as relative labels Y1 (current) and Y0 (previous),Valid,524.9,1.95,526.85,522.95,76.51,1.22,77.73,75.29
36,CAMBODIA,KHM,1282.45,1643.29,2925.75,-360.84,1358.58,690.58,2049.15,668.0,43.83320516106981,56.16645304622746,-12.333247885157652,5.936293812624265,-57.975768123703055,-29.961548320943344,2925.74,0.01,Valid,-360.8399999999999,-0.0,Valid,2049.16,-0.01,Valid,667.9999999999999,0.0,Valid,Asia,East Asia and Pacific,Lower-middle income,31772.76,7.69,1801.3,17.639,Yes - In force,3080.0,1.2814,Trade Deficit,Moderate Import Dependency,Low Export Dependency,Moderate Growth,Negative Growth,Negative Growth,23.9,Low Trade Pressure,52.9,23.9,64.5,68.1,64.12,43.6,20.52,32.0,51.3,40.0,Diversify Product,World Bank (NY.GDP.MKTP.CD) via datasets/gdp mirror,2023.0,World Bank (SP.POP.TOTL) via datasets/population mirror,2024.0,"World Bank Data Help Desk - Country and Lending Groups (FY2027, based on 2025 GNI); Continent field from mledoze/countries reference dataset",2026,"Derived: haversine great-circle distance between country centroid coordinates (mledoze/countries reference dataset) and India centroid. Approximate straight-line distance, NOT actual trade/shipping route distance.",Exact calendar year not recoverable from source file; periods kept as relative labels Y1 (current) and Y0 (previous),Valid,1282.45,1643.29,2925.75,-360.84,1358.58,690.58,2049.15,668.0
37,CAMEROON,CMR,2828.2,5573.16,8401.36,-2744.96,3749.96,2812.56,6562.52,937.41,33.66359732233828,66.33640267766171,-32.67280535532342,32.59175447280957,-49.533837176754304,-21.887408705257243,8401.36,0.0,Valid,-2744.96,0.0,Valid,6562.52,0.0,Valid,937.4,0.01,Valid,Africa,Sub-Saharan Africa,Lower-middle income,47945.51,9.86,1646.27,29.124,No,7171.0,1.9706,Trade Deficit,High Import Dependency,Low Export Dependency,High Growth,Negative Growth,Negative Growth,23.7,Low Trade Pressure,72.4,23.7,74.4,67.0,141.41,96.16,45.25,32.0,113.13,40.0,Increase Exports,World Bank (NY.GDP.MKTP.CD) via datasets/gdp mirror,2023.0,World Bank (SP.POP.TOTL) via datasets/population mirror,2024.0,"World Bank Data Help Desk - Country and Lending Groups (FY2027, based on 2025 GNI); Continent field from mledoze/countries reference dataset",2026,"Derived: haversine great-circle distance between country centroid coordinates (mledoze/countries reference dataset) and India centroid. Approximate straight-line distance, NOT actual trade/shipping route distance.",Exact calendar year not recoverable from source file; periods kept as relative labels Y1 (current) and Y0 (previous),Valid,2828.2,5573.16,8401.36,-2744.96,3749.96,2812.56,6562.52,937.41
38,CANADA,CAN,25963.35,29909.75,55873.11,-3946.4,29177.0,33292.48,62469.47,-4115.48,46.468417455194455,53.53156464710842,-7.063147191913964,12.377640019489016,11.309790285776389,11.805965338245894,55873.1,0.01,Valid,-3946.4000000000015,0.0,Valid,62469.48,-0.01,Valid,-4115.480000000003,0.0,Valid,Americas,North America,High income,2140085.57,-0.99,51832.36,41.289,No,11090.0,1.152,Trade Deficit,Moderate Import Dependency,Low Export Dependency,High Growth,High Growth,High Growth,26.3,Low Trade Pressure,71.7,26.3,72.7,65.4,1298.17,882.76,415.41,32.0,1038.54,40.0,Increase Exports,World Bank (NY.GDP.MKTP.CD) via datasets/gdp mirror,2023.0,World Bank (SP.POP.TOTL) via datasets/population mirror,2024.0,"World Bank Data Help Desk - Country and Lending Groups (FY2027, based on 2025 GNI); Continent field from mledoze/countries reference dataset",2026,"Derived: haversine great-circle distance between country centroid coordinates (mledoze/countries reference dataset) and India centroid. Approximate straight-line distance, NOT actual trade/shipping route distance.",Exact calendar year not recoverable from source file; periods kept as relative labels Y1 (current) and Y0 (previous),Valid,25963.35,29909.75,55873.11,-3946.4,29177.0,33292.48,62469.47,-4115.48
39,CAPE VERDE IS,CPV,22.13,30.49,52.62,-8.36,25.18,34.6,59.79,-9.42,42.05625237552261,57.94374762447738,-15.88749524895477,13.782196113872574,13.479829452279446,13.625997719498292,52.62,0.0,Valid,-8.36,0.0,Valid,59.78,0.01,Valid,-9.420000000000002,0.0,Valid,Africa,Sub-Saharan Africa,Upper-middle income,2587.25,12.31,4929.25,0.525,No,10506.0,1.3778,Trade Deficit,Moderate Import Dependency,Low Export Dependency,High Growth,High Growth,High Growth,25.4,Low Trade Pressure,43.6,25.4,59.1,53.2,1.11,0.75,0.36,32.43,0.89,40.45,Diversify Product,World Bank (NY.GDP.MKTP.CD) via datasets/gdp mirror,2023.0,World Bank (SP.POP.TOTL) via datasets/population mirror,2024.0,"World Bank Data Help Desk - Country and Lending Groups (FY2027, based on 2025 GNI); Continent field from mledoze/countries reference dataset",2026,"Derived: haversine great-circle distance between country centroid coordinates (mledoze/countries reference dataset) and India centroid. Approximate straight-line distance, NOT actual trade/shipping route distance.",Exact calendar year not recoverable from source file; periods kept as relative labels Y1 (current) and Y0 (previous),Valid,22.13,30.49,52.62,-8.36,25.18,34.6,59.79,-9.42
40,CAYMAN IS,CYM,41.93,0.0,41.93,41.93,1142.74,664.1,1806.83,478.64,100.0,0.0,100.0,2625.351776770808,,4209.158120677319,41.93,0.0,Valid,41.93,0.0,Valid,1806.84,-0.01,Valid,478.64,0.0,Valid,Americas,Latin America and the Caribbean,High income,,,,0.074,No,14985.0,0.0,Trade Surplus,Low Import Dependency,High Export Dependency,High Growth,Missing,High Growth,16.5,Low Trade Pressure,66.8,16.5,75.2,67.7,2.1,1.43,0.67,31.9,1.68,39.88,Increase Exports,,,World Bank (SP.POP.TOTL) via datasets/population mirror,2024.0,"World Bank Data Help Desk - Country and Lending Groups (FY2027, based on 2025 GNI); Continent field from mledoze/countries reference dataset",2026,"Derived: haversine great-circle distance between country centroid coordinates (mledoze/countries reference dataset) and India centroid. Approximate straight-line distance, NOT actual trade/shipping route distance.",Exact calendar year not recoverable from source file; periods kept as relative labels Y1 (current) and Y0 (previous),Valid,41.93,0.0,41.93,41.93,1142.74,664.1,1806.83,478.64
41,CHAD,TCD,497.45,24.29,521.74,473.17,542.24,192.55,734.79,349.69,95.34442442595928,4.655575574040709,90.6907655153908,9.003919991958995,692.7130506381228,40.83451527580787,521.74,0.0,Valid,473.16,0.01,Valid,734.79,0.0,Valid,349.69,0.0,Valid,Africa,Sub-Saharan Africa,Low income,13149.33,6.07,647.78,20.299,No,6147.0,0.0488,Trade Surplus,Low Import Dependency,High Export Dependency,Moderate Growth,High Growth,High Growth,42.6,Moderate Trade Pressure,49.4,42.6,53.4,48.1,24.87,16.91,7.96,32.01,19.9,40.0,Diversify Export Market,World Bank (NY.GDP.MKTP.CD) via datasets/gdp mirror,2023.0,World Bank (SP.POP.TOTL) via datasets/population mirror,2024.0,"World Bank Data Help Desk - Country and Lending Groups (FY2027, based on 2025 GNI); Continent field from mledoze/countries reference dataset",2026,"Derived: haversine great-circle distance between country centroid coordinates (mledoze/countries reference dataset) and India centroid. Approximate straight-line distance, NOT actual trade/shipping route distance.",Exact calendar year not recoverable from source file; periods kept as relative labels Y1 (current) and Y0 (previous),Valid,497.45,24.29,521.74,473.17,542.24,192.55,734.79,349.69
42,CHILE,CHL,8258.55,10480.75,18739.3,-2222.2,8058.77,19693.56,27752.33,-11634.79,44.07074970783327,55.929250292166735,-11.85850058433346,-2.4190687227176544,87.9022016554159,48.096940654133306,18739.3,0.0,Valid,-2222.2000000000007,0.0,Valid,27752.33,0.0,Valid,-11634.79,0.0,Valid,Americas,Latin America and the Caribbean,High income,335533.33,11.06,16976.33,19.765,No,16618.0,1.2691,Trade Deficit,Moderate Import Dependency,Low Export Dependency,Negative Growth,High Growth,High Growth,28.5,Low Trade Pressure,59.1,28.5,65.3,58.8,412.93,280.8,132.13,32.0,330.34,40.0,Diversify Product,World Bank (NY.GDP.MKTP.CD) via datasets/gdp mirror,2023.0,World Bank (SP.POP.TOTL) via datasets/population mirror,2024.0,"World Bank Data Help Desk - Country and Lending Groups (FY2027, based on 2025 GNI); Continent field from mledoze/countries reference dataset",2026,"Derived: haversine great-circle distance between country centroid coordinates (mledoze/countries reference dataset) and India centroid. Approximate straight-line distance, NOT actual trade/shipping route distance.",Exact calendar year not recoverable from source file; periods kept as relative labels Y1 (current) and Y0 (previous),Valid,8258.55,10480.75,18739.3,-2222.2,8058.77,19693.56,27752.33,-11634.79
43,CHINA P RP,CHN,111648.49,710978.14,822626.63,-599329.65,96518.75,799906.2,896424.95,-703387.44,13.572194957996922,86.42780504200309,-72.85561008400616,-13.55122671161966,12.50784728768172,8.971058960247852,822626.63,0.0,Valid,-599329.65,0.0,Valid,896424.95,0.0,Valid,-703387.45,0.01,Valid,Asia,East Asia and Pacific,Upper-middle income,17794781.99,-0.49,12629.59,1408.975,Partial/Preferential (SAFTA/SAPTA/MERCOSUR PTA/APTA),3209.0,6.368,Trade Deficit,High Import Dependency,Low Export Dependency,Negative Growth,High Growth,Moderate Growth,55.4,Moderate Trade Pressure,61.3,55.4,53.0,47.7,5582.42,3796.05,1786.37,32.0,4465.94,40.0,Diversify Export Market,World Bank (NY.GDP.MKTP.CD) via datasets/gdp mirror,2023.0,World Bank (SP.POP.TOTL) via datasets/population mirror,2024.0,"World Bank Data Help Desk - Country and Lending Groups (FY2027, based on 2025 GNI); Continent field from mledoze/countries reference dataset",2026,"Derived: haversine great-circle distance between country centroid coordinates (mledoze/countries reference dataset) and India centroid. Approximate straight-line distance, NOT actual trade/shipping route distance.",Exact calendar year not recoverable from source file; periods kept as relative labels Y1 (current) and Y0 (previous),Valid,111648.49,710978.14,822626.63,-599329.65,96518.75,799906.2,896424.95,-703387.44
44,CHRISTMAS IS.,CXR,,,0.0,0.0,0.19,0.51,0.7,-0.32,,,,,,,,,Missing,,,Missing,0.7,0.0,Valid,-0.32,0.0,Valid,Oceania,,,,,,,No,4620.0,,Missing,Missing,Missing,Missing,Missing,Missing,51.5,Moderate Trade Pressure,,51.5,,,0.0,0.0,0.0,,0.0,,Insufficient Data,,,,,"World Bank Data Help Desk - Country and Lending Groups (FY2027, based on 2025 GNI); Continent field from mledoze/countries reference dataset",2026,"Derived: haversine great-circle distance between country centroid coordinates (mledoze/countries reference dataset) and India centroid. Approximate straight-line distance, NOT actual trade/shipping route distance.",Exact calendar year not recoverable from source file; periods kept as relative labels Y1 (current) and Y0 (previous),Valid,,,0.0,0.0,0.19,0.51,0.7,-0.32
45,COCOS IS,CCK,,,0.0,0.0,0.49,0.23,0.73,0.26,,,,,,,,,Missing,,,Missing,0.72,0.01,Valid,0.26,0.0,Valid,Oceania,,,,,,,No,4215.0,,Missing,Missing,Missing,Missing,Missing,Missing,51.5,Moderate Trade Pressure,,51.5,,,0.0,0.0,0.0,,0.0,,Insufficient Data,,,,,"World Bank Data Help Desk - Country and Lending Groups (FY2027, based on 2025 GNI); Continent field from mledoze/countries reference dataset",2026,"Derived: haversine great-circle distance between country centroid coordinates (mledoze/countries reference dataset) and India centroid. Approximate straight-line distance, NOT actual trade/shipping route distance.",Exact calendar year not recoverable from source file; periods kept as relative labels Y1 (current) and Y0 (previous),Valid,,,0.0,0.0,0.49,0.23,0.73,0.26
46,COLOMBIA,COL,8180.64,20763.18,28943.83,-12582.54,10032.46,22731.44,32763.89,-12698.98,28.263847597225386,71.73611785309684,-43.47227025587146,22.6366152281484,9.47956912187824,13.198184207134982,28943.82,0.01,Valid,-12582.54,0.0,Valid,32763.9,-0.01,Valid,-12698.98,0.0,Valid,Americas,Latin America and the Caribbean,Upper-middle income,363540.16,5.27,6873.99,52.886,No,15704.0,2.5381,Trade Deficit,High Import Dependency,Low Export Dependency,High Growth,Moderate Growth,High Growth,28.0,Low Trade Pressure,74.0,28.0,73.0,65.7,409.03,278.14,130.89,32.0,327.22,40.0,Increase Exports,World Bank (NY.GDP.MKTP.CD) via datasets/gdp mirror,2023.0,World Bank (SP.POP.TOTL) via datasets/population mirror,2024.0,"World Bank Data Help Desk - Country and Lending Groups (FY2027, based on 2025 GNI); Continent field from mledoze/countries reference dataset",2026,"Derived: haversine great-circle distance between country centroid coordinates (mledoze/countries reference dataset) and India centroid. Approximate straight-line distance, NOT actual trade/shipping route distance.",Exact calendar year not recoverable from source file; periods kept as relative labels Y1 (current) and Y0 (previous),Valid,8180.64,20763.18,28943.83,-12582.54,10032.46,22731.44,32763.89,-12698.98
47,COMOROS,COM,173.36,143.66,317.02,29.71,248.42,111.38,359.81,137.04,54.68424705065927,45.315752949340734,9.371648476436818,43.29718504845407,-22.469720172629824,13.497571131158924,317.02,0.0,Valid,29.700000000000017,0.01,Valid,359.79999999999995,0.01,Valid,137.04,0.0,Valid,Africa,Sub-Saharan Africa,Lower-middle income,1352.38,8.84,1560.51,0.867,No,5063.0,0.8287,Trade Surplus,Low Import Dependency,Moderate Export Dependency,High Growth,Negative Growth,High Growth,23.2,Low Trade Pressure,65.6,23.2,71.2,64.1,8.67,5.9,2.77,31.95,6.94,39.91,Increase Exports,World Bank (NY.GDP.MKTP.CD) via datasets/gdp mirror,2023.0,World Bank (SP.POP.TOTL) via datasets/population mirror,2024.0,"World Bank Data Help Desk - Country and Lending Groups (FY2027, based on 2025 GNI); Continent field from mledoze/countries reference dataset",2026,"Derived: haversine great-circle distance between country centroid coordinates (mledoze/countries reference dataset) and India centroid. Approximate straight-line distance, NOT actual trade/shipping route distance.",Exact calendar year not recoverable from source file; periods kept as relative labels Y1 (current) and Y0 (previous),Valid,173.36,143.66,317.02,29.71,248.42,111.38,359.81,137.04
48,CONGO D. REP.,COD,3946.29,1632.79,5579.08,2313.5,4014.58,3380.21,7394.78,634.37,70.7337051987066,29.2662948012934,41.4674103974132,1.730486102136436,107.02049865567528,32.54479233135212,5579.08,0.0,Valid,2313.5,0.0,Valid,7394.79,-0.01,Valid,634.3699999999999,0.0,Valid,Africa,Sub-Saharan Africa,Low income,66383.29,0.88,607.48,109.276,No,6077.0,0.4138,Trade Surplus,Low Import Dependency,High Export Dependency,Moderate Growth,High Growth,High Growth,27.7,Low Trade Pressure,56.1,27.7,64.2,57.8,197.31,134.17,63.14,32.0,157.85,40.0,Diversify Product,World Bank (NY.GDP.MKTP.CD) via datasets/gdp mirror,2023.0,World Bank (SP.POP.TOTL) via datasets/population mirror,2024.0,"World Bank Data Help Desk - Country and Lending Groups (FY2027, based on 2025 GNI); Continent field from mledoze/countries reference dataset",2026,"Derived: haversine great-circle distance between country centroid coordinates (mledoze/countries reference dataset) and India centroid. Approximate straight-line distance, NOT actual trade/shipping route distance.",Exact calendar year not recoverable from source file; periods kept as relative labels Y1 (current) and Y0 (previous),Valid,3946.29,1632.79,5579.08,2313.5,4014.58,3380.21,7394.78,634.37
49,CONGO P REP,COG,1237.43,959.58,2197.01,277.84,1218.39,1197.06,2415.45,21.33,56.32336675754775,43.67663324245224,12.646278351031626,-1.53867289462838,24.74832739323453,9.94260381154385,2197.01,0.0,Valid,277.85,-0.01,Valid,2415.45,0.0,Valid,21.330000000000155,-0.0,Valid,Africa,Sub-Saharan Africa,Lower-middle income,15321.06,-3.14,2419.26,6.333,No,7139.0,0.7755,Trade Surplus,Low Import Dependency,Moderate Export Dependency,Negative Growth,High Growth,Moderate Growth,26.2,Low Trade Pressure,48.1,26.2,61.0,54.9,61.87,42.07,19.8,32.0,49.5,40.0,Diversify Product,World Bank (NY.GDP.MKTP.CD) via datasets/gdp mirror,2023.0,World Bank (SP.POP.TOTL) via datasets/population mirror,2024.0,"World Bank Data Help Desk - Country and Lending Groups (FY2027, based on 2025 GNI); Continent field from mledoze/countries reference dataset",2026,"Derived: haversine great-circle distance between country centroid coordinates (mledoze/countries reference dataset) and India centroid. Approximate straight-line distance, NOT actual trade/shipping route distance.",Exact calendar year not recoverable from source file; periods kept as relative labels Y1 (current) and Y0 (previous),Valid,1237.43,959.58,2197.01,277.84,1218.39,1197.06,2415.45,21.33
50,COSTA RICA,CRI,1221.5,788.83,2010.32,432.67,1541.64,878.93,2420.57,662.71,60.76147081061721,39.23902662262725,21.52244418798997,26.20875972165372,11.42197938719368,20.40719885391381,2010.33,-0.01,Valid,432.67,0.0,Valid,2420.57,0.0,Valid,662.7100000000002,-0.0,Valid,Americas,Latin America and the Caribbean,,86497.94,24.92,16861.49,5.13,No,16084.0,0.6458,Trade Surplus,Low Import Dependency,Moderate Export Dependency,High Growth,High Growth,High Growth,24.7,Low Trade Pressure,64.3,24.7,69.8,62.8,61.08,41.52,19.56,32.02,48.86,40.03,Diversify Product,World Bank (NY.GDP.MKTP.CD) via datasets/gdp mirror,2023.0,World Bank (SP.POP.TOTL) via datasets/population mirror,2024.0,"World Bank Data Help Desk - Country and Lending Groups (FY2027, based on 2025 GNI); Continent field from mledoze/countries reference dataset",2026,"Derived: haversine great-circle distance between country centroid coordinates (mledoze/countries reference dataset) and India centroid. Approximate straight-line distance, NOT actual trade/shipping route distance.",Exact calendar year not recoverable from source file; periods kept as relative labels Y1 (current) and Y0 (previous),Valid,1221.5,788.83,2010.32,432.67,1541.64,878.93,2420.57,662.71
51,COTE D' IVOIRE,CIV,4386.25,2860.08,7246.34,1526.17,6820.8,4185.66,11006.45,2635.14,60.53055749523208,39.46930450406688,21.0612529911652,55.50413223140497,46.34765461105983,51.88978160009054,7246.33,0.01,Valid,1526.17,0.0,Valid,11006.46,-0.01,Valid,2635.1400000000003,-0.0,Valid,Africa,Sub-Saharan Africa,Lower-middle income,78788.83,12.28,2467.22,31.934,No,8873.0,0.6521,Trade Surplus,Low Import Dependency,Moderate Export Dependency,High Growth,High Growth,High Growth,24.1,Low Trade Pressure,85.8,24.1,80.8,72.7,219.31,149.13,70.18,32.0,175.45,40.0,Increase Exports,World Bank (NY.GDP.MKTP.CD) via datasets/gdp mirror,2023.0,World Bank (SP.POP.TOTL) via datasets/population mirror,2024.0,"World Bank Data Help Desk - Country and Lending Groups (FY2027, based on 2025 GNI); Continent field from mledoze/countries reference dataset",2026,"Derived: haversine great-circle distance between country centroid coordinates (mledoze/countries reference dataset) and India centroid. Approximate straight-line distance, NOT actual trade/shipping route distance.",Exact calendar year not recoverable from source file; periods kept as relative labels Y1 (current) and Y0 (previous),Valid,4386.25,2860.08,7246.34,1526.17,6820.8,4185.66,11006.45,2635.14
52,CROATIA,HRV,1517.86,416.69,1934.55,1101.17,2271.17,586.51,2857.68,1684.66,78.46062391770697,21.53937608229304,56.92124783541392,49.62974187342707,40.75451774700616,47.71807397069085,1934.55,0.0,Valid,1101.1699999999998,0.0,Valid,2857.6800000000003,-0.0,Valid,1684.66,0.0,Valid,Europe,Europe and Central Asia,High income,82688.84,14.85,21387.63,3.866,"Concluded (EU-India FTA, Jan 2026) - Not yet in force",6231.0,0.2745,Trade Surplus,Low Import Dependency,High Export Dependency,High Growth,High Growth,High Growth,24.3,Low Trade Pressure,79.9,24.3,77.8,70.0,75.89,51.61,24.28,31.99,60.71,39.99,Increase Exports,World Bank (NY.GDP.MKTP.CD) via datasets/gdp mirror,2023.0,World Bank (SP.POP.TOTL) via datasets/population mirror,2024.0,"World Bank Data Help Desk - Country and Lending Groups (FY2027, based on 2025 GNI); Continent field from mledoze/countries reference dataset",2026,"Derived: haversine great-circle distance between country centroid coordinates (mledoze/countries reference dataset) and India centroid. Approximate straight-line distance, NOT actual trade/shipping route distance.",Exact calendar year not recoverable from source file; periods kept as relative labels Y1 (current) and Y0 (previous),Valid,1517.86,416.69,1934.55,1101.17,2271.17,586.51,2857.68,1684.66
53,CUBA,CUB,319.37,16.23,335.6,303.13,102.81,20.81,123.62,82.0,95.16388557806911,4.83611442193087,90.32479141835518,-67.80849798039891,28.21934688847812,-63.16448152562575,335.6,0.0,Valid,303.14,-0.01,Valid,123.62,0.0,Valid,82.0,0.0,Valid,Americas,Latin America and the Caribbean,Upper-middle income,,,,10.98,No,14767.0,0.0508,Trade Surplus,Low Import Dependency,High Export Dependency,Negative Growth,High Growth,Negative Growth,29.0,Low Trade Pressure,12.4,29.0,41.7,37.5,15.97,10.86,5.11,32.0,12.78,39.98,Maintain Current Trade,,,World Bank (SP.POP.TOTL) via datasets/population mirror,2024.0,"World Bank Data Help Desk - Country and Lending Groups (FY2027, based on 2025 GNI); Continent field from mledoze/countries reference dataset",2026,"Derived: haversine great-circle distance between country centroid coordinates (mledoze/countries reference dataset) and India centroid. Approximate straight-line distance, NOT actual trade/shipping route distance.",Exact calendar year not recoverable from source file; periods kept as relative labels Y1 (current) and Y0 (previous),Valid,319.37,16.23,335.6,303.13,102.81,20.81,123.62,82.0
54,CYPRUS,CYP,632.21,319.93,952.14,312.27,615.14,357.27,972.4,257.87,66.39884890877393,33.601151091226086,32.79664755183061,-2.70005219784566,11.671303097552585,2.1278383431008034,952.14,-0.0,Valid,312.28000000000003,-0.01,Valid,972.41,-0.01,Valid,257.87,0.0,Valid,Europe,Europe and Central Asia,High income,32229.62,10.18,23728.23,1.358,"Concluded (EU-India FTA, Jan 2026) - Not yet in force",4606.0,0.5061,Trade Surplus,Low Import Dependency,High Export Dependency,Negative Growth,High Growth,Moderate Growth,25.9,Low Trade Pressure,43.9,25.9,59.0,53.1,31.61,21.5,10.11,31.98,25.29,39.98,Diversify Product,World Bank (NY.GDP.MKTP.CD) via datasets/gdp mirror,2023.0,World Bank (SP.POP.TOTL) via datasets/population mirror,2024.0,"World Bank Data Help Desk - Country and Lending Groups (FY2027, based on 2025 GNI); Continent field from mledoze/countries reference dataset",2026,"Derived: haversine great-circle distance between country centroid coordinates (mledoze/countries reference dataset) and India centroid. Approximate straight-line distance, NOT actual trade/shipping route distance.",Exact calendar year not recoverable from source file; periods kept as relative labels Y1 (current) and Y0 (previous),Valid,632.21,319.93,952.14,312.27,615.14,357.27,972.4,257.87
55,CZECH REPUBLIC,CZE,8379.54,4950.64,13330.17,3428.9,15267.6,4931.56,20199.16,10336.03,62.86146388230608,37.1386111354919,25.722852746814183,82.20093227074516,-0.385404715349933,51.52965040955967,13330.18,-0.01,Valid,3428.9000000000005,-0.0,Valid,20199.16,0.0,Valid,10336.04,-0.01,Valid,Europe,Europe and Central Asia,High income,330858.34,13.87,30339.98,10.905,"Concluded (EU-India FTA, Jan 2026) - Not yet in force",6292.0,0.5908,Trade Surplus,Low Import Dependency,Moderate Export Dependency,High Growth,Negative Growth,High Growth,21.4,Low Trade Pressure,90.8,21.4,84.7,76.2,418.98,284.91,134.07,32.0,335.18,40.0,Increase Exports,World Bank (NY.GDP.MKTP.CD) via datasets/gdp mirror,2023.0,World Bank (SP.POP.TOTL) via datasets/population mirror,2024.0,"World Bank Data Help Desk - Country and Lending Groups (FY2027, based on 2025 GNI); Continent field from mledoze/countries reference dataset",2026,"Derived: haversine great-circle distance between country centroid coordinates (mledoze/countries reference dataset) and India centroid. Approximate straight-line distance, NOT actual trade/shipping route distance.",Exact calendar year not recoverable from source file; periods kept as relative labels Y1 (current) and Y0 (previous),Valid,8379.54,4950.64,13330.17,3428.9,15267.6,4931.56,20199.16,10336.03
56,DENMARK,DNK,5594.56,6308.47,11903.03,-713.91,5952.02,5404.3,11356.32,547.72,47.00114172609831,52.99885827390168,-5.997716547803374,6.389421151976206,-14.33263532996115,-4.593032194323638,11903.03,0.0,Valid,-713.9099999999999,-0.0,Valid,11356.32,0.0,Valid,547.7200000000003,-0.0,Valid,Europe,Europe and Central Asia,High income,404198.76,1.01,67625.78,5.977,"Concluded (EU-India FTA, Jan 2026) - Not yet in force",6753.0,1.1276,Trade Deficit,Moderate Import Dependency,Low Export Dependency,Moderate Growth,Negative Growth,Negative Growth,25.1,Low Trade Pressure,61.1,25.1,68.0,61.2,279.73,190.21,89.52,32.0,223.78,40.0,Diversify Product,World Bank (NY.GDP.MKTP.CD) via datasets/gdp mirror,2023.0,World Bank (SP.POP.TOTL) via datasets/population mirror,2024.0,"World Bank Data Help Desk - Country and Lending Groups (FY2027, based on 2025 GNI); Continent field from mledoze/countries reference dataset",2026,"Derived: haversine great-circle distance between country centroid coordinates (mledoze/countries reference dataset) and India centroid. Approximate straight-line distance, NOT actual trade/shipping route distance.",Exact calendar year not recoverable from source file; periods kept as relative labels Y1 (current) and Y0 (previous),Valid,5594.56,6308.47,11903.03,-713.91,5952.02,5404.3,11356.32,547.72
57,DJIBOUTI,DJI,7260.91,146.97,7407.88,7113.94,4742.55,120.98,4863.53,4621.57,98.01603157718536,1.9839684228146244,96.03206315437076,-34.68380685065646,-17.68388106416275,-34.34653369115051,7407.88,0.0,Valid,7113.94,0.0,Valid,4863.53,0.0,Valid,4621.570000000001,-0.0,Valid,Africa,"Middle East, North Africa, Afghanistan and Pakistan",Lower-middle income,4098.53,11.55,3506.85,1.169,No,3751.0,0.0202,Trade Surplus,Low Import Dependency,High Export Dependency,Negative Growth,Negative Growth,Negative Growth,24.8,Low Trade Pressure,38.7,24.8,57.0,51.3,363.05,246.87,116.18,32.0,290.44,40.0,Maintain Current Trade,World Bank (NY.GDP.MKTP.CD) via datasets/gdp mirror,2023.0,World Bank (SP.POP.TOTL) via datasets/population mirror,2024.0,"World Bank Data Help Desk - Country and Lending Groups (FY2027, based on 2025 GNI); Continent field from mledoze/countries reference dataset",2026,"Derived: haversine great-circle distance between country centroid coordinates (mledoze/countries reference dataset) and India centroid. Approximate straight-line distance, NOT actual trade/shipping route distance.",Exact calendar year not recoverable from source file; periods kept as relative labels Y1 (current) and Y0 (previous),Valid,7260.91,146.97,7407.88,7113.94,4742.55,120.98,4863.53,4621.57
58,DOMINIC REP,DOM,2302.66,3461.35,5764.02,-1158.69,2617.06,4506.24,7123.3,-1889.18,39.94885513929514,60.05097137067532,-20.102116231380183,13.65377433055684,30.187354644863994,23.58215273368239,5764.01,0.01,Valid,-1158.69,0.0,Valid,7123.299999999999,0.0,Valid,-1889.18,-0.0,Valid,Americas,Latin America and the Caribbean,Upper-middle income,121444.28,6.96,10627.32,11.428,No,14427.0,1.5032,Trade Deficit,Moderate Import Dependency,Low Export Dependency,High Growth,High Growth,High Growth,26.1,Low Trade Pressure,60.1,26.1,67.0,60.3,115.13,78.29,36.84,32.0,92.1,40.0,Diversify Product,World Bank (NY.GDP.MKTP.CD) via datasets/gdp mirror,2023.0,World Bank (SP.POP.TOTL) via datasets/population mirror,2024.0,"World Bank Data Help Desk - Country and Lending Groups (FY2027, based on 2025 GNI); Continent field from mledoze/countries reference dataset",2026,"Derived: haversine great-circle distance between country centroid coordinates (mledoze/countries reference dataset) and India centroid. Approximate straight-line distance, NOT actual trade/shipping route distance.",Exact calendar year not recoverable from source file; periods kept as relative labels Y1 (current) and Y0 (previous),Valid,2302.66,3461.35,5764.02,-1158.69,2617.06,4506.24,7123.3,-1889.18
59,DOMINICA,DMA,18.78,4.01,22.78,14.77,29.5,1.2,30.7,28.3,82.44073748902547,17.603160667251974,64.83757682177348,57.08200212992545,-70.07481296758104,34.767339771729574,22.79,-0.01,Valid,14.77,-0.0,Valid,30.7,0.0,Valid,28.3,0.0,Valid,Americas,Latin America and the Caribbean,Upper-middle income,653.99,7.71,9878.3,0.066,No,13995.0,0.2135,Trade Surplus,Low Import Dependency,High Export Dependency,High Growth,Negative Growth,High Growth,21.3,Low Trade Pressure,65.2,21.3,72.0,64.8,0.94,0.65,0.29,30.85,0.75,38.67,Increase Exports,World Bank (NY.GDP.MKTP.CD) via datasets/gdp mirror,2023.0,World Bank (SP.POP.TOTL) via datasets/population mirror,2024.0,"World Bank Data Help Desk - Country and Lending Groups (FY2027, based on 2025 GNI); Continent field from mledoze/countries reference dataset",2026,"Derived: haversine great-circle distance between country centroid coordinates (mledoze/countries reference dataset) and India centroid. Approximate straight-line distance, NOT actual trade/shipping route distance.",Exact calendar year not recoverable from source file; periods kept as relative labels Y1 (current) and Y0 (previous),Valid,18.78,4.01,22.78,14.77,29.5,1.2,30.7,28.3
60,ECUADOR,ECU,3381.39,5970.18,9351.57,-2588.79,2123.49,2653.63,4777.12,-530.15,36.15852739165723,63.84147260834278,-27.68294521668554,-37.200677827757225,-55.551926407579,-48.91638516313304,9351.57,0.0,Valid,-2588.7900000000004,0.0,Valid,4777.12,0.0,Valid,-530.1400000000003,-0.01,Valid,Americas,Latin America and the Caribbean,Upper-middle income,118844.83,1.94,6553.17,18.135,No,16598.0,1.7656,Trade Deficit,Moderate Import Dependency,Low Export Dependency,Negative Growth,Negative Growth,Negative Growth,26.4,Low Trade Pressure,31.1,26.4,52.4,47.2,169.07,114.96,54.11,32.0,135.26,40.0,Maintain Current Trade,World Bank (NY.GDP.MKTP.CD) via datasets/gdp mirror,2023.0,World Bank (SP.POP.TOTL) via datasets/population mirror,2024.0,"World Bank Data Help Desk - Country and Lending Groups (FY2027, based on 2025 GNI); Continent field from mledoze/countries reference dataset",2026,"Derived: haversine great-circle distance between country centroid coordinates (mledoze/countries reference dataset) and India centroid. Approximate straight-line distance, NOT actual trade/shipping route distance.",Exact calendar year not recoverable from source file; periods kept as relative labels Y1 (current) and Y0 (previous),Valid,3381.39,5970.18,9351.57,-2588.79,2123.49,2653.63,4777.12,-530.15
61,EGYPT A RP,EGY,25081.21,8936.62,34017.83,16144.58,23672.69,7718.96,31391.64,15953.73,73.7296000362163,26.270399963783696,47.45917067608369,-5.615837513421404,-13.625509420787733,-7.720039755622278,34017.83,0.0,Valid,16144.589999999998,-0.01,Valid,31391.65,-0.01,Valid,15953.73,0.0,Valid,Africa,"Middle East, North Africa, Afghanistan and Pakistan",Lower-middle income,395926.08,-16.95,3397.39,116.538,No,4828.0,0.3563,Trade Surplus,Low Import Dependency,High Export Dependency,Negative Growth,Negative Growth,Negative Growth,21.6,Low Trade Pressure,60.7,21.6,69.6,62.6,1254.06,852.75,401.31,32.0,1003.25,40.0,Diversify Product,World Bank (NY.GDP.MKTP.CD) via datasets/gdp mirror,2023.0,World Bank (SP.POP.TOTL) via datasets/population mirror,2024.0,"World Bank Data Help Desk - Country and Lending Groups (FY2027, based on 2025 GNI); Continent field from mledoze/countries reference dataset",2026,"Derived: haversine great-circle distance between country centroid coordinates (mledoze/countries reference dataset) and India centroid. Approximate straight-line distance, NOT actual trade/shipping route distance.",Exact calendar year not recoverable from source file; periods kept as relative labels Y1 (current) and Y0 (previous),Valid,25081.21,8936.62,34017.83,16144.58,23672.69,7718.96,31391.64,15953.73
62,EL SALVADOR,SLV,857.71,17.76,875.47,839.95,1043.28,26.0,1069.28,1017.28,97.97137537551258,2.0286246244874184,95.94275075102516,21.635517832367576,46.39639639639638,22.13782311215689,875.47,0.0,Valid,839.95,0.0,Valid,1069.28,0.0,Valid,1017.28,0.0,Valid,Americas,Latin America and the Caribbean,Upper-middle income,34015.62,6.34,5366.77,6.338,No,15950.0,0.0207,Trade Surplus,Low Import Dependency,High Export Dependency,High Growth,High Growth,High Growth,25.6,Low Trade Pressure,60.5,25.6,67.4,60.7,42.89,29.17,13.72,31.99,34.31,39.99,Diversify Product,World Bank (NY.GDP.MKTP.CD) via datasets/gdp mirror,2023.0,World Bank (SP.POP.TOTL) via datasets/population mirror,2024.0,"World Bank Data Help Desk - Country and Lending Groups (FY2027, based on 2025 GNI); Continent field from mledoze/countries reference dataset",2026,"Derived: haversine great-circle distance between country centroid coordinates (mledoze/countries reference dataset) and India centroid. Approximate straight-line distance, NOT actual trade/shipping route distance.",Exact calendar year not recoverable from source file; periods kept as relative labels Y1 (current) and Y0 (previous),Valid,857.71,17.76,875.47,839.95,1043.28,26.0,1069.28,1017.28
63,EQUTL GUINEA,GNQ,181.39,1403.83,1585.22,-1222.44,139.6,3700.37,3839.97,-3560.77,11.442575793896117,88.55742420610387,-77.11484841220778,-23.038756271018247,163.59103310229872,142.23577799926824,1585.2199999999998,0.0,Valid,-1222.44,0.0,Valid,3839.97,0.0,Valid,-3560.77,0.0,Valid,Africa,Sub-Saharan Africa,Upper-middle income,12116.92,-10.16,6402.55,1.893,No,7532.0,7.7393,Trade Deficit,High Import Dependency,Low Export Dependency,Negative Growth,High Growth,High Growth,31.6,Low Trade Pressure,25.9,31.6,47.2,42.5,9.07,6.16,2.91,32.08,7.26,40.08,Reduce Import Dependency,World Bank (NY.GDP.MKTP.CD) via datasets/gdp mirror,2023.0,World Bank (SP.POP.TOTL) via datasets/population mirror,2024.0,"World Bank Data Help Desk - Country and Lending Groups (FY2027, based on 2025 GNI); Continent field from mledoze/countries reference dataset",2026,"Derived: haversine great-circle distance between country centroid coordinates (mledoze/countries reference dataset) and India centroid. Approximate straight-line distance, NOT actual trade/shipping route distance.",Exact calendar year not recoverable from source file; periods kept as relative labels Y1 (current) and Y0 (previous),Valid,181.39,1403.83,1585.22,-1222.44,139.6,3700.37,3839.97,-3560.77
64,ESTONIA,EST,450.11,947.24,1397.34,-497.13,503.14,841.16,1344.3,-338.03,32.211916927877255,67.78879871756337,-35.57688178968612,11.781564506453972,-11.19885139985643,-3.795783417063848,1397.35,-0.01,Valid,-497.13,0.0,Valid,1344.3,0.0,Valid,-338.02,-0.01,Valid,Europe,Europe and Central Asia,High income,40744.85,7.45,29690.03,1.372,"Concluded (EU-India FTA, Jan 2026) - Not yet in force",5926.0,2.1045,Trade Deficit,High Import Dependency,Low Export Dependency,High Growth,Negative Growth,Negative Growth,25.0,Low Trade Pressure,50.2,25.0,62.6,56.3,22.51,15.31,7.2,31.99,18.01,39.98,Diversify Product,World Bank (NY.GDP.MKTP.CD) via datasets/gdp mirror,2023.0,World Bank (SP.POP.TOTL) via datasets/population mirror,2024.0,"World Bank Data Help Desk - Country and Lending Groups (FY2027, based on 2025 GNI); Continent field from mledoze/countries reference dataset",2026,"Derived: haversine great-circle distance between country centroid coordinates (mledoze/countries reference dataset) and India centroid. Approximate straight-line distance, NOT actual trade/shipping route distance.",Exact calendar year not recoverable from source file; periods kept as relative labels Y1 (current) and Y0 (previous),Valid,450.11,947.24,1397.34,-497.13,503.14,841.16,1344.3,-338.03
65,ETHIOPIA,ETH,3364.49,548.94,3913.43,2815.56,3110.78,512.54,3623.33,2598.24,85.97291889723337,14.027081102766628,71.94609332478159,-7.540815992914219,-6.630961489415982,-7.412934433476513,3913.43,0.0,Valid,2815.55,0.01,Valid,3623.32,0.01,Valid,2598.24,-0.0,Valid,Africa,Sub-Saharan Africa,Low income,163697.93,29.13,1239.57,132.06,No,4401.0,0.1632,Trade Surplus,Low Import Dependency,High Export Dependency,Negative Growth,Negative Growth,Negative Growth,25.0,Low Trade Pressure,48.7,25.0,61.8,55.6,168.22,114.39,53.83,32.0,134.58,40.0,Diversify Product,World Bank (NY.GDP.MKTP.CD) via datasets/gdp mirror,2023.0,World Bank (SP.POP.TOTL) via datasets/population mirror,2024.0,"World Bank Data Help Desk - Country and Lending Groups (FY2027, based on 2025 GNI); Continent field from mledoze/countries reference dataset",2026,"Derived: haversine great-circle distance between country centroid coordinates (mledoze/countries reference dataset) and India centroid. Approximate straight-line distance, NOT actual trade/shipping route distance.",Exact calendar year not recoverable from source file; periods kept as relative labels Y1 (current) and Y0 (previous),Valid,3364.49,548.94,3913.43,2815.56,3110.78,512.54,3623.33,2598.24
66,FIJI IS,FJI,537.57,8.33,545.9,529.24,608.52,10.43,618.95,598.09,98.47407950174026,1.5259204982597547,96.9481590034805,13.198281154082244,25.21008403361344,13.381571716431594,545.9000000000001,-0.0,Valid,529.24,0.0,Valid,618.9499999999999,0.0,Valid,598.09,0.0,Valid,Oceania,East Asia and Pacific,Upper-middle income,5494.8,10.34,5916.12,0.929,No,11487.0,0.0155,Trade Surplus,Low Import Dependency,High Export Dependency,High Growth,High Growth,High Growth,25.5,Low Trade Pressure,52.7,25.5,63.6,57.2,26.88,18.28,8.6,31.99,21.5,40.0,Diversify Product,World Bank (NY.GDP.MKTP.CD) via datasets/gdp mirror,2023.0,World Bank (SP.POP.TOTL) via datasets/population mirror,2024.0,"World Bank Data Help Desk - Country and Lending Groups (FY2027, based on 2025 GNI); Continent field from mledoze/countries reference dataset",2026,"Derived: haversine great-circle distance between country centroid coordinates (mledoze/countries reference dataset) and India centroid. Approximate straight-line distance, NOT actual trade/shipping route distance.",Exact calendar year not recoverable from source file; periods kept as relative labels Y1 (current) and Y0 (previous),Valid,537.57,8.33,545.9,529.24,608.52,10.43,618.95,598.09
67,FINLAND,FIN,3983.85,6485.48,10469.32,-2501.63,3267.67,6017.65,9285.32,-2749.98,38.05261468748687,61.947480829700496,-23.89486614221363,-17.977082470474535,-7.213498461177892,-11.309234983742977,10469.33,-0.01,Valid,-2501.63,-0.0,Valid,9285.32,0.0,Valid,-2749.98,-0.0,Valid,Europe,Europe and Central Asia,High income,300187.2,6.49,53414.94,5.62,"Concluded (EU-India FTA, Jan 2026) - Not yet in force",6169.0,1.6279,Trade Deficit,Moderate Import Dependency,Low Export Dependency,Negative Growth,Negative Growth,Negative Growth,26.8,Low Trade Pressure,44.5,26.8,58.8,52.9,199.19,135.45,63.74,32.0,159.35,40.0,Diversify Product,World Bank (NY.GDP.MKTP.CD) via datasets/gdp mirror,2023.0,World Bank (SP.POP.TOTL) via datasets/population mirror,2024.0,"World Bank Data Help Desk - Country and Lending Groups (FY2027, based on 2025 GNI); Continent field from mledoze/countries reference dataset",2026,"Derived: haversine great-circle distance between country centroid coordinates (mledoze/countries reference dataset) and India centroid. Approximate straight-line distance, NOT actual trade/shipping route distance.",Exact calendar year not recoverable from source file; periods kept as relative labels Y1 (current) and Y0 (previous),Valid,3983.85,6485.48,10469.32,-2501.63,3267.67,6017.65,9285.32,-2749.98
68,FR GUIANA,GUF,11.32,4.63,15.95,6.69,10.62,2.69,13.31,7.93,70.9717868338558,29.0282131661442,41.9435736677116,-6.183745583038879,-41.90064794816415,-16.55172413793103,15.95,0.0,Valid,6.69,0.0,Valid,13.31,0.0,Valid,7.93,0.0,Valid,Americas,,,,,,,No,13939.0,0.409,Trade Surplus,Low Import Dependency,High Export Dependency,Negative Growth,Negative Growth,Negative Growth,24.7,Low Trade Pressure,30.2,24.7,52.8,47.5,0.57,0.38,0.19,33.33,0.46,41.3,Maintain Current Trade,,,,,"World Bank Data Help Desk - Country and Lending Groups (FY2027, based on 2025 GNI); Continent field from mledoze/countries reference dataset",2026,"Derived: haversine great-circle distance between country centroid coordinates (mledoze/countries reference dataset) and India centroid. Approximate straight-line distance, NOT actual trade/shipping route distance.",Exact calendar year not recoverable from source file; periods kept as relative labels Y1 (current) and Y0 (previous),Valid,11.32,4.63,15.95,6.69,10.62,2.69,13.31,7.93
69,FR POLYNESIA,PYF,74.65,2.13,76.78,72.52,89.38,1.96,91.35,87.42,97.22584006251628,2.77415993748372,94.45168012503257,19.732083054253167,-7.981220657276992,18.97629591039332,76.78,0.0,Valid,72.52000000000001,-0.0,Valid,91.34,0.01,Valid,87.42,0.0,Valid,Oceania,East Asia and Pacific,High income,,,,0.282,No,16060.0,0.0285,Trade Surplus,Low Import Dependency,High Export Dependency,High Growth,Negative Growth,High Growth,24.5,Low Trade Pressure,49.6,24.5,62.6,56.3,3.73,2.53,1.2,32.17,2.98,40.27,Diversify Product,,,World Bank (SP.POP.TOTL) via datasets/population mirror,2024.0,"World Bank Data Help Desk - Country and Lending Groups (FY2027, based on 2025 GNI); Continent field from mledoze/countries reference dataset",2026,"Derived: haversine great-circle distance between country centroid coordinates (mledoze/countries reference dataset) and India centroid. Approximate straight-line distance, NOT actual trade/shipping route distance.",Exact calendar year not recoverable from source file; periods kept as relative labels Y1 (current) and Y0 (previous),Valid,74.65,2.13,76.78,72.52,89.38,1.96,91.35,87.42
70,FRANCE,FRA,49214.56,51197.73,100412.3,-1983.17,56083.28,52846.39,108929.67,3236.89,49.012481538616285,50.98750850244442,-1.9750269638281368,13.95668273779142,3.220181832280447,8.482397076852134,100412.29,0.01,Valid,-1983.1700000000053,0.0,Valid,108929.67,0.0,Valid,3236.8899999999994,0.0,Valid,Europe,Europe and Central Asia,High income,3030904.09,9.06,44213.44,68.552,"Concluded (EU-India FTA, Jan 2026) - Not yet in force",7281.0,1.0403,Balanced,Moderate Import Dependency,Low Export Dependency,High Growth,Moderate Growth,Moderate Growth,25.6,Low Trade Pressure,75.8,25.6,75.1,67.6,2460.73,1673.29,787.44,32.0,1968.58,40.0,Increase Exports,World Bank (NY.GDP.MKTP.CD) via datasets/gdp mirror,2023.0,World Bank (SP.POP.TOTL) via datasets/population mirror,2024.0,"World Bank Data Help Desk - Country and Lending Groups (FY2027, based on 2025 GNI); Continent field from mledoze/countries reference dataset",2026,"Derived: haversine great-circle distance between country centroid coordinates (mledoze/countries reference dataset) and India centroid. Approximate straight-line distance, NOT actual trade/shipping route distance.",Exact calendar year not recoverable from source file; periods kept as relative labels Y1 (current) and Y0 (previous),Valid,49214.56,51197.73,100412.3,-1983.17,56083.28,52846.39,108929.67,3236.89
71,GABON,GAB,481.23,2244.33,2725.56,-1763.09,699.91,2347.77,3047.68,-1647.86,17.65618808611808,82.34381191388192,-64.6872569306858,45.44188849406727,4.608947881995966,11.818488677556168,2725.56,0.0,Valid,-1763.1,0.01,Valid,3047.68,0.0,Valid,-1647.86,0.0,Valid,Africa,Sub-Saharan Africa,Upper-middle income,20516.13,-2.64,8080.55,2.539,No,7473.0,4.6637,Trade Deficit,High Import Dependency,Low Export Dependency,High Growth,Moderate Growth,High Growth,24.6,Low Trade Pressure,70.9,24.6,73.2,65.9,24.06,16.35,7.71,32.04,19.25,40.05,Increase Exports,World Bank (NY.GDP.MKTP.CD) via datasets/gdp mirror,2023.0,World Bank (SP.POP.TOTL) via datasets/population mirror,2024.0,"World Bank Data Help Desk - Country and Lending Groups (FY2027, based on 2025 GNI); Continent field from mledoze/countries reference dataset",2026,"Derived: haversine great-circle distance between country centroid coordinates (mledoze/countries reference dataset) and India centroid. Approximate straight-line distance, NOT actual trade/shipping route distance.",Exact calendar year not recoverable from source file; periods kept as relative labels Y1 (current) and Y0 (previous),Valid,481.23,2244.33,2725.56,-1763.09,699.91,2347.77,3047.68,-1647.86
72,GAMBIA,GMB,1228.57,307.1,1535.67,921.46,856.88,357.81,1214.68,499.07,80.00221401733445,19.997785982665548,60.00377685309996,-30.2538723882237,16.512536633018556,-20.90227718194664,1535.67,0.0,Valid,921.47,-0.01,Valid,1214.69,-0.01,Valid,499.07,0.0,Valid,Africa,Sub-Saharan Africa,Low income,2339.9,7.58,847.8,2.76,No,9862.0,0.25,Trade Surplus,Low Import Dependency,High Export Dependency,Negative Growth,High Growth,Negative Growth,27.0,Low Trade Pressure,30.6,27.0,51.8,46.6,61.43,41.78,19.65,31.99,49.14,39.99,Maintain Current Trade,World Bank (NY.GDP.MKTP.CD) via datasets/gdp mirror,2023.0,World Bank (SP.POP.TOTL) via datasets/population mirror,2024.0,"World Bank Data Help Desk - Country and Lending Groups (FY2027, based on 2025 GNI); Continent field from mledoze/countries reference dataset",2026,"Derived: haversine great-circle distance between country centroid coordinates (mledoze/countries reference dataset) and India centroid. Approximate straight-line distance, NOT actual trade/shipping route distance.",Exact calendar year not recoverable from source file; periods kept as relative labels Y1 (current) and Y0 (previous),Valid,1228.57,307.1,1535.67,921.46,856.88,357.81,1214.68,499.07
73,GEORGIA,GEO,1413.63,347.2,1760.84,1066.43,2108.12,571.67,2679.79,1536.46,80.28157015969651,19.71786192953363,60.56370823016288,49.12813112341983,64.65149769585253,52.188160196269976,1760.8300000000002,0.01,Valid,1066.43,0.0,Valid,2679.79,0.0,Valid,1536.4499999999998,0.01,Valid,Asia,Europe and Central Asia,Upper-middle income,30535.53,22.22,8253.83,3.7,No,3979.0,0.2456,Trade Surplus,Low Import Dependency,High Export Dependency,High Growth,High Growth,High Growth,24.9,Low Trade Pressure,79.0,24.9,77.0,69.3,70.68,48.06,22.62,32.0,56.54,40.01,Increase Exports,World Bank (NY.GDP.MKTP.CD) via datasets/gdp mirror,2023.0,World Bank (SP.POP.TOTL) via datasets/population mirror,2024.0,"World Bank Data Help Desk - Country and Lending Groups (FY2027, based on 2025 GNI); Continent field from mledoze/countries reference dataset",2026,"Derived: haversine great-circle distance between country centroid coordinates (mledoze/countries reference dataset) and India centroid. Approximate straight-line distance, NOT actual trade/shipping route distance.",Exact calendar year not recoverable from source file; periods kept as relative labels Y1 (current) and Y0 (previous),Valid,1413.63,347.2,1760.84,1066.43,2108.12,571.67,2679.79,1536.46
74,GERMANY,DEU,65737.46,116016.09,181753.56,-50278.63,72626.34,133762.84,206389.18,-61136.5,36.16845799334,63.8315365047045,-27.663078511364507,10.479382683784848,15.296800642048874,13.554408507871866,181753.55,0.01,Valid,-50278.62999999999,-0.0,Valid,206389.18,0.0,Valid,-61136.5,0.0,Valid,Europe,Europe and Central Asia,High income,4456081.02,9.15,53355.64,83.517,"Concluded (EU-India FTA, Jan 2026) - Not yet in force",6765.0,1.7648,Trade Deficit,Moderate Import Dependency,Low Export Dependency,High Growth,High Growth,High Growth,37.4,Low Trade Pressure,74.8,37.4,68.7,61.8,3286.87,2235.07,1051.8,32.0,2629.5,40.0,Increase Exports,World Bank (NY.GDP.MKTP.CD) via datasets/gdp mirror,2023.0,World Bank (SP.POP.TOTL) via datasets/population mirror,2024.0,"World Bank Data Help Desk - Country and Lending Groups (FY2027, based on 2025 GNI); Continent field from mledoze/countries reference dataset",2026,"Derived: haversine great-circle distance between country centroid coordinates (mledoze/countries reference dataset) and India centroid. Approximate straight-line distance, NOT actual trade/shipping route distance.",Exact calendar year not recoverable from source file; periods kept as relative labels Y1 (current) and Y0 (previous),Valid,65737.46,116016.09,181753.56,-50278.63,72626.34,133762.84,206389.18,-61136.5
75,GHANA,GHA,7365.27,9797.02,17162.29,-2431.75,9237.48,12774.83,22012.31,-3537.35,42.91542678745086,57.08457321254914,-14.16914642509828,25.419434725407204,30.395058905667227,28.259748553369047,17162.29,0.0,Valid,-2431.75,0.0,Valid,22012.31,0.0,Valid,-3537.3500000000004,0.0,Valid,Africa,Sub-Saharan Africa,Lower-middle income,76370.39,2.84,2218.3,34.427,No,8561.0,1.3302,Trade Deficit,Moderate Import Dependency,Low Export Dependency,High Growth,High Growth,High Growth,25.9,Low Trade Pressure,75.3,25.9,74.7,67.2,368.26,250.42,117.84,32.0,294.61,40.0,Increase Exports,World Bank (NY.GDP.MKTP.CD) via datasets/gdp mirror,2023.0,World Bank (SP.POP.TOTL) via datasets/population mirror,2024.0,"World Bank Data Help Desk - Country and Lending Groups (FY2027, based on 2025 GNI); Continent field from mledoze/countries reference dataset",2026,"Derived: haversine great-circle distance between country centroid coordinates (mledoze/countries reference dataset) and India centroid. Approximate straight-line distance, NOT actual trade/shipping route distance.",Exact calendar year not recoverable from source file; periods kept as relative labels Y1 (current) and Y0 (previous),Valid,7365.27,9797.02,17162.29,-2431.75,9237.48,12774.83,22012.31,-3537.35
76,GIBRALTAR,GIB,6884.61,2.5,6887.11,6882.11,229.3,0.18,229.48,229.12,99.96370030390106,0.0362996960989442,99.92740060780211,-96.6693828699084,-92.8,-96.66797829568571,6887.11,0.0,Valid,6882.11,0.0,Valid,229.48,-0.0,Valid,229.12,0.0,Valid,Europe,Europe and Central Asia,High income,,,,0.039,No,8048.0,0.0004,Trade Surplus,Low Import Dependency,High Export Dependency,Negative Growth,Negative Growth,Negative Growth,24.9,Low Trade Pressure,29.1,24.9,52.1,46.9,344.23,234.08,110.15,32.0,275.38,40.0,Maintain Current Trade,,,World Bank (SP.POP.TOTL) via datasets/population mirror,2024.0,"World Bank Data Help Desk - Country and Lending Groups (FY2027, based on 2025 GNI); Continent field from mledoze/countries reference dataset",2026,"Derived: haversine great-circle distance between country centroid coordinates (mledoze/countries reference dataset) and India centroid. Approximate straight-line distance, NOT actual trade/shipping route distance.",Exact calendar year not recoverable from source file; periods kept as relative labels Y1 (current) and Y0 (previous),Valid,6884.61,2.5,6887.11,6882.11,229.3,0.18,229.48,229.12
77,GREECE,GRC,6268.53,6290.72,12559.25,-22.19,7403.88,2998.15,10402.03,4405.72,49.91165873758385,50.08834126241615,-0.1766825248322949,18.11190183344421,-52.340113691278574,-17.176344128829342,12559.25,0.0,Valid,-22.19000000000051,0.0,Valid,10402.03,0.0,Valid,4405.73,-0.01,Valid,Europe,Europe and Central Asia,High income,238206.31,9.48,22893.15,10.405,"Concluded (EU-India FTA, Jan 2026) - Not yet in force",5632.0,1.0035,Balanced,Moderate Import Dependency,Low Export Dependency,High Growth,Negative Growth,Negative Growth,23.5,Low Trade Pressure,68.9,23.5,72.7,65.4,313.43,213.14,100.29,32.0,250.74,40.0,Increase Exports,World Bank (NY.GDP.MKTP.CD) via datasets/gdp mirror,2023.0,World Bank (SP.POP.TOTL) via datasets/population mirror,2024.0,"World Bank Data Help Desk - Country and Lending Groups (FY2027, based on 2025 GNI); Continent field from mledoze/countries reference dataset",2026,"Derived: haversine great-circle distance between country centroid coordinates (mledoze/countries reference dataset) and India centroid. Approximate straight-line distance, NOT actual trade/shipping route distance.",Exact calendar year not recoverable from source file; periods kept as relative labels Y1 (current) and Y0 (previous),Valid,6268.53,6290.72,12559.25,-22.19,7403.88,2998.15,10402.03,4405.72
78,GRENADA,GRD,31.74,15.56,47.3,16.18,28.56,1.9,30.46,26.66,67.10359408033827,32.89640591966174,34.20718816067653,-10.01890359168242,-87.7892030848329,-35.60253699788583,47.3,0.0,Valid,16.18,0.0,Valid,30.46,0.0,Valid,26.66,0.0,Valid,Americas,Latin America and the Caribbean,Upper-middle income,1320.33,7.82,11264.98,0.117,No,14253.0,0.4902,Trade Surplus,Low Import Dependency,High Export Dependency,Negative Growth,Negative Growth,Negative Growth,23.7,Low Trade Pressure,30.1,23.7,53.2,47.9,1.59,1.08,0.51,32.08,1.27,40.16,Maintain Current Trade,World Bank (NY.GDP.MKTP.CD) via datasets/gdp mirror,2023.0,World Bank (SP.POP.TOTL) via datasets/population mirror,2024.0,"World Bank Data Help Desk - Country and Lending Groups (FY2027, based on 2025 GNI); Continent field from mledoze/countries reference dataset",2026,"Derived: haversine great-circle distance between country centroid coordinates (mledoze/countries reference dataset) and India centroid. Approximate straight-line distance, NOT actual trade/shipping route distance.",Exact calendar year not recoverable from source file; periods kept as relative labels Y1 (current) and Y0 (previous),Valid,31.74,15.56,47.3,16.18,28.56,1.9,30.46,26.66
79,GUADELOUPE,GLP,34.0,0.08,34.08,33.92,39.44,2.92,42.36,36.52,99.76525821596243,0.2347417840375587,99.5305164319249,15.999999999999991,3550.0,24.295774647887328,34.08,0.0,Valid,33.92,0.0,Valid,42.36,0.0,Valid,36.52,0.0,Valid,Americas,,,,,,,No,13956.0,0.0024,Trade Surplus,Low Import Dependency,High Export Dependency,High Growth,High Growth,High Growth,42.4,Moderate Trade Pressure,46.1,42.4,51.8,46.6,1.7,1.16,0.54,31.76,1.36,39.71,Diversify Export Market,,,,,"World Bank Data Help Desk - Country and Lending Groups (FY2027, based on 2025 GNI); Continent field from mledoze/countries reference dataset",2026,"Derived: haversine great-circle distance between country centroid coordinates (mledoze/countries reference dataset) and India centroid. Approximate straight-line distance, NOT actual trade/shipping route distance.",Exact calendar year not recoverable from source file; periods kept as relative labels Y1 (current) and Y0 (previous),Valid,34.0,0.08,34.08,33.92,39.44,2.92,42.36,36.52
80,GUAM,GUM,6.72,0.11,6.83,6.61,9.38,0.12,9.51,9.26,98.38945827232796,1.610541727672035,96.77891654465594,39.58333333333335,9.090909090909086,39.23865300146412,6.83,0.0,Valid,6.609999999999999,0.0,Valid,9.5,0.01,Valid,9.260000000000002,-0.0,Valid,Oceania,East Asia and Pacific,High income,,,,0.168,No,7210.0,0.0164,Trade Surplus,Low Import Dependency,High Export Dependency,High Growth,Moderate Growth,High Growth,24.1,Low Trade Pressure,57.3,24.1,66.6,59.9,0.34,0.23,0.11,32.35,0.27,40.74,Diversify Product,,,World Bank (SP.POP.TOTL) via datasets/population mirror,2024.0,"World Bank Data Help Desk - Country and Lending Groups (FY2027, based on 2025 GNI); Continent field from mledoze/countries reference dataset",2026,"Derived: haversine great-circle distance between country centroid coordinates (mledoze/countries reference dataset) and India centroid. Approximate straight-line distance, NOT actual trade/shipping route distance.",Exact calendar year not recoverable from source file; periods kept as relative labels Y1 (current) and Y0 (previous),Valid,6.72,0.11,6.83,6.61,9.38,0.12,9.51,9.26
81,GUATEMALA,GTM,3779.29,223.39,4002.68,3555.9,4406.96,206.76,4613.72,4200.21,94.41898927718428,5.581010722815714,88.83797855436858,16.608145974508442,-7.44437978423385,15.26577193280503,4002.68,0.0,Valid,3555.9,0.0,Valid,4613.72,0.0,Valid,4200.2,0.01,Valid,Americas,Latin America and the Caribbean,Upper-middle income,102050.47,7.42,5544.31,18.406,No,15829.0,0.0591,Trade Surplus,Low Import Dependency,High Export Dependency,High Growth,Negative Growth,High Growth,23.8,Low Trade Pressure,64.3,23.8,70.2,63.2,188.96,128.5,60.46,32.0,151.17,39.99,Diversify Product,World Bank (NY.GDP.MKTP.CD) via datasets/gdp mirror,2023.0,World Bank (SP.POP.TOTL) via datasets/population mirror,2024.0,"World Bank Data Help Desk - Country and Lending Groups (FY2027, based on 2025 GNI); Continent field from mledoze/countries reference dataset",2026,"Derived: haversine great-circle distance between country centroid coordinates (mledoze/countries reference dataset) and India centroid. Approximate straight-line distance, NOT actual trade/shipping route distance.",Exact calendar year not recoverable from source file; periods kept as relative labels Y1 (current) and Y0 (previous),Valid,3779.29,223.39,4002.68,3555.9,4406.96,206.76,4613.72,4200.21
82,GUINEA,GIN,4322.6,10887.98,15210.57,-6565.38,6149.44,5489.78,11639.22,659.66,28.418395891804188,71.58166985195163,-43.16327396014745,42.26252718271409,-49.579444488325656,-23.47939623564403,15210.58,-0.01,Valid,-6565.379999999999,-0.0,Valid,11639.22,0.0,Valid,659.6599999999999,0.0,Valid,Africa,Sub-Saharan Africa,Lower-middle income,23612.3,12.44,1600.31,14.755,No,9283.0,2.5188,Trade Deficit,High Import Dependency,Low Export Dependency,High Growth,Negative Growth,Negative Growth,24.2,Low Trade Pressure,81.0,24.2,78.4,70.6,216.13,146.97,69.16,32.0,172.9,40.0,Increase Exports,World Bank (NY.GDP.MKTP.CD) via datasets/gdp mirror,2023.0,World Bank (SP.POP.TOTL) via datasets/population mirror,2024.0,"World Bank Data Help Desk - Country and Lending Groups (FY2027, based on 2025 GNI); Continent field from mledoze/countries reference dataset",2026,"Derived: haversine great-circle distance between country centroid coordinates (mledoze/countries reference dataset) and India centroid. Approximate straight-line distance, NOT actual trade/shipping route distance.",Exact calendar year not recoverable from source file; periods kept as relative labels Y1 (current) and Y0 (previous),Valid,4322.6,10887.98,15210.57,-6565.38,6149.44,5489.78,11639.22,659.66
83,GUINEA BISSAU,GNB,44.84,601.28,646.12,-556.45,153.26,1523.72,1676.98,-1370.46,6.939887327431437,93.06011267256856,-86.12177304525476,241.7930419268509,153.4127195316658,159.5462143255123,646.12,0.0,Valid,-556.4399999999999,-0.01,Valid,1676.98,0.0,Valid,-1370.46,0.0,Valid,Africa,Sub-Saharan Africa,Low income,1966.46,14.72,893.3,2.201,No,9759.0,13.4095,Trade Deficit,High Import Dependency,Low Export Dependency,High Growth,High Growth,High Growth,20.8,Low Trade Pressure,67.2,20.8,73.2,65.9,2.24,1.52,0.72,32.14,1.79,40.22,Increase Exports,World Bank (NY.GDP.MKTP.CD) via datasets/gdp mirror,2023.0,World Bank (SP.POP.TOTL) via datasets/population mirror,2024.0,"World Bank Data Help Desk - Country and Lending Groups (FY2027, based on 2025 GNI); Continent field from mledoze/countries reference dataset",2026,"Derived: haversine great-circle distance between country centroid coordinates (mledoze/countries reference dataset) and India centroid. Approximate straight-line distance, NOT actual trade/shipping route distance.",Exact calendar year not recoverable from source file; periods kept as relative labels Y1 (current) and Y0 (previous),Valid,44.84,601.28,646.12,-556.45,153.26,1523.72,1676.98,-1370.46
84,GUYANA,GUY,610.47,44.83,655.3,565.64,624.89,35.14,660.03,589.75,93.15885853807416,6.841141461925836,86.31771707614834,2.362114436417836,-21.61498996207896,0.7218068060430366,655.3000000000001,-0.0,Valid,565.64,0.0,Valid,660.03,0.0,Valid,589.75,0.0,Valid,Americas,Latin America and the Caribbean,Upper-middle income,16786.3,14.05,20198.01,0.831,No,14462.0,0.0734,Trade Surplus,Low Import Dependency,High Export Dependency,Moderate Growth,Negative Growth,Moderate Growth,24.7,Low Trade Pressure,46.5,24.7,60.9,54.8,30.52,20.76,9.76,31.98,24.42,39.97,Diversify Product,World Bank (NY.GDP.MKTP.CD) via datasets/gdp mirror,2023.0,World Bank (SP.POP.TOTL) via datasets/population mirror,2024.0,"World Bank Data Help Desk - Country and Lending Groups (FY2027, based on 2025 GNI); Continent field from mledoze/countries reference dataset",2026,"Derived: haversine great-circle distance between country centroid coordinates (mledoze/countries reference dataset) and India centroid. Approximate straight-line distance, NOT actual trade/shipping route distance.",Exact calendar year not recoverable from source file; periods kept as relative labels Y1 (current) and Y0 (previous),Valid,610.47,44.83,655.3,565.64,624.89,35.14,660.03,589.75
85,HAITI,HTI,766.79,107.41,874.2,659.38,627.14,61.07,688.21,566.07,87.7133379089453,12.286662091054676,75.42667581789064,-18.212287588518368,-43.14309654594544,-21.275451841683825,874.1999999999999,0.0,Valid,659.38,0.0,Valid,688.21,0.0,Valid,566.0699999999999,0.0,Valid,Americas,Latin America and the Caribbean,Lower-middle income,19850.83,-1.99,1686.2,11.773,No,14545.0,0.1401,Trade Surplus,Low Import Dependency,High Export Dependency,Negative Growth,Negative Growth,Negative Growth,25.0,Low Trade Pressure,36.0,25.0,55.5,50.0,38.34,26.07,12.27,32.0,30.67,40.01,Maintain Current Trade,World Bank (NY.GDP.MKTP.CD) via datasets/gdp mirror,2023.0,World Bank (SP.POP.TOTL) via datasets/population mirror,2024.0,"World Bank Data Help Desk - Country and Lending Groups (FY2027, based on 2025 GNI); Continent field from mledoze/countries reference dataset",2026,"Derived: haversine great-circle distance between country centroid coordinates (mledoze/countries reference dataset) and India centroid. Approximate straight-line distance, NOT actual trade/shipping route distance.",Exact calendar year not recoverable from source file; periods kept as relative labels Y1 (current) and Y0 (previous),Valid,766.79,107.41,874.2,659.38,627.14,61.07,688.21,566.07
86,HONDURAS,HND,1742.46,226.39,1968.86,1516.07,1932.36,265.35,2197.71,1667.01,88.50095994636492,11.49853214550552,77.00242780085938,10.898385041837392,17.209240690843252,11.6234775453816,1968.85,0.01,Valid,1516.0700000000002,-0.0,Valid,2197.71,0.0,Valid,1667.0099999999998,0.0,Valid,Americas,Latin America and the Caribbean,Lower-middle income,34400.51,9.46,3177.67,10.826,No,15726.0,0.1299,Trade Surplus,Low Import Dependency,High Export Dependency,High Growth,High Growth,High Growth,25.2,Low Trade Pressure,57.7,25.2,66.2,59.6,87.12,59.24,27.88,32.0,69.7,40.0,Diversify Product,World Bank (NY.GDP.MKTP.CD) via datasets/gdp mirror,2023.0,World Bank (SP.POP.TOTL) via datasets/population mirror,2024.0,"World Bank Data Help Desk - Country and Lending Groups (FY2027, based on 2025 GNI); Continent field from mledoze/countries reference dataset",2026,"Derived: haversine great-circle distance between country centroid coordinates (mledoze/countries reference dataset) and India centroid. Approximate straight-line distance, NOT actual trade/shipping route distance.",Exact calendar year not recoverable from source file; periods kept as relative labels Y1 (current) and Y0 (previous),Valid,1742.46,226.39,1968.86,1516.07,1932.36,265.35,2197.71,1667.01
87,HONG KONG,HKG,54918.52,139686.21,194604.73,-84767.69,40149.38,137093.25,177242.63,-96943.87,28.220547362851867,71.77945263714813,-43.55890527429626,-26.892822312036085,-1.856274860632264,-8.921725592178568,194604.73,0.0,Valid,-84767.69,0.0,Valid,177242.63,0.0,Valid,-96943.87,0.0,Valid,Asia,East Asia and Pacific,High income,382054.57,6.51,50777.45,7.524,No,3856.0,2.5435,Trade Deficit,High Import Dependency,Low Export Dependency,Negative Growth,Negative Growth,Negative Growth,46.6,Moderate Trade Pressure,51.7,46.6,52.6,47.3,2745.93,1867.24,878.69,32.0,2196.74,40.0,Diversify Export Market,World Bank (NY.GDP.MKTP.CD) via datasets/gdp mirror,2023.0,World Bank (SP.POP.TOTL) via datasets/population mirror,2024.0,"World Bank Data Help Desk - Country and Lending Groups (FY2027, based on 2025 GNI); Continent field from mledoze/countries reference dataset",2026,"Derived: haversine great-circle distance between country centroid coordinates (mledoze/countries reference dataset) and India centroid. Approximate straight-line distance, NOT actual trade/shipping route distance.",Exact calendar year not recoverable from source file; periods kept as relative labels Y1 (current) and Y0 (previous),Valid,54918.52,139686.21,194604.73,-84767.69,40149.38,137093.25,177242.63,-96943.87
88,HUNGARY,HUN,3884.08,2095.9,5979.98,1788.19,3734.8,3036.8,6771.6,698.0,64.95138779728362,35.0486122027164,29.90294281920676,-3.843381186793263,44.89240898897848,13.237836915842545,5979.98,0.0,Valid,1788.1799999999998,0.01,Valid,6771.6,0.0,Valid,698.0,0.0,Valid,Europe,Europe and Central Asia,High income,212388.91,19.99,22211.62,9.562,"Concluded (EU-India FTA, Jan 2026) - Not yet in force",5914.0,0.5396,Trade Surplus,Low Import Dependency,Moderate Export Dependency,Negative Growth,High Growth,High Growth,26.5,Low Trade Pressure,52.4,26.5,63.0,56.7,194.2,132.06,62.14,32.0,155.36,40.0,Diversify Product,World Bank (NY.GDP.MKTP.CD) via datasets/gdp mirror,2023.0,World Bank (SP.POP.TOTL) via datasets/population mirror,2024.0,"World Bank Data Help Desk - Country and Lending Groups (FY2027, based on 2025 GNI); Continent field from mledoze/countries reference dataset",2026,"Derived: haversine great-circle distance between country centroid coordinates (mledoze/countries reference dataset) and India centroid. Approximate straight-line distance, NOT actual trade/shipping route distance.",Exact calendar year not recoverable from source file; periods kept as relative labels Y1 (current) and Y0 (previous),Valid,3884.08,2095.9,5979.98,1788.19,3734.8,3036.8,6771.6,698.0
89,ICELAND,ISL,85.31,43.05,128.36,42.26,86.45,83.35,169.79,3.1,66.46151449049547,33.53848550950451,32.92302898099096,1.3363028953229403,93.61207897793264,32.27641009660328,128.36,0.0,Valid,42.260000000000005,-0.0,Valid,169.8,-0.01,Valid,3.1000000000000085,-0.0,Valid,Europe,Europe and Central Asia,High income,31020.03,8.08,80257.57,0.387,Yes - In force,8230.0,0.5046,Trade Surplus,Low Import Dependency,High Export Dependency,Moderate Growth,High Growth,High Growth,27.9,Low Trade Pressure,38.7,27.9,55.4,59.9,4.27,2.91,1.36,31.85,3.42,39.77,Maintain Current Trade,World Bank (NY.GDP.MKTP.CD) via datasets/gdp mirror,2023.0,World Bank (SP.POP.TOTL) via datasets/population mirror,2024.0,"World Bank Data Help Desk - Country and Lending Groups (FY2027, based on 2025 GNI); Continent field from mledoze/countries reference dataset",2026,"Derived: haversine great-circle distance between country centroid coordinates (mledoze/countries reference dataset) and India centroid. Approximate straight-line distance, NOT actual trade/shipping route distance.",Exact calendar year not recoverable from source file; periods kept as relative labels Y1 (current) and Y0 (previous),Valid,85.31,43.05,128.36,42.26,86.45,83.35,169.79,3.1
90,INDONESIA,IDN,43164.0,161277.73,204441.73,-118113.72,39340.14,164291.0,203631.14,-124950.86,21.11310640934216,78.88689359065783,-57.77378228994638,-8.858910202946902,1.8683732713747827,-0.3964895033905242,204441.73,0.0,Valid,-118113.73,0.01,Valid,203631.14,0.0,Valid,-124950.86,0.0,Valid,Asia,East Asia and Pacific,Upper-middle income,1371171.15,3.95,4836.79,283.488,Yes - In force,5459.0,3.7364,Trade Deficit,High Import Dependency,Low Export Dependency,Negative Growth,Moderate Growth,Negative Growth,53.8,Moderate Trade Pressure,61.2,53.8,53.7,58.3,2158.2,1467.58,690.62,32.0,1726.56,40.0,Diversify Export Market,World Bank (NY.GDP.MKTP.CD) via datasets/gdp mirror,2023.0,World Bank (SP.POP.TOTL) via datasets/population mirror,2024.0,"World Bank Data Help Desk - Country and Lending Groups (FY2027, based on 2025 GNI); Continent field from mledoze/countries reference dataset",2026,"Derived: haversine great-circle distance between country centroid coordinates (mledoze/countries reference dataset) and India centroid. Approximate straight-line distance, NOT actual trade/shipping route distance.",Exact calendar year not recoverable from source file; periods kept as relative labels Y1 (current) and Y0 (previous),Valid,43164.0,161277.73,204441.73,-118113.72,39340.14,164291.0,203631.14,-124950.86
91,IRAN,IRN,8381.73,4258.59,12640.32,4123.14,8239.9,2936.75,11176.65,5303.15,66.30947634237107,33.69052365762892,32.61895268474216,-1.6921327697265354,-31.03938157934904,-11.579374572795627,12640.32,0.0,Valid,4123.139999999999,0.0,Valid,11176.65,0.0,Valid,5303.15,0.0,Valid,Asia,"Middle East, North Africa, Afghanistan and Pakistan",Upper-middle income,401504.51,-2.88,4384.78,91.568,No,2735.0,0.5081,Trade Surplus,Low Import Dependency,High Export Dependency,Negative Growth,Negative Growth,Negative Growth,23.9,Low Trade Pressure,60.0,23.9,68.0,61.2,419.09,284.98,134.11,32.0,335.27,40.0,Diversify Product,World Bank (NY.GDP.MKTP.CD) via datasets/gdp mirror,2023.0,World Bank (SP.POP.TOTL) via datasets/population mirror,2024.0,"World Bank Data Help Desk - Country and Lending Groups (FY2027, based on 2025 GNI); Continent field from mledoze/countries reference dataset",2026,"Derived: haversine great-circle distance between country centroid coordinates (mledoze/countries reference dataset) and India centroid. Approximate straight-line distance, NOT actual trade/shipping route distance.",Exact calendar year not recoverable from source file; periods kept as relative labels Y1 (current) and Y0 (previous),Valid,8381.73,4258.59,12640.32,4123.14,8239.9,2936.75,11176.65,5303.15
92,IRAQ,IRQ,22522.07,200338.4,222860.47,-177816.34,22305.82,204760.41,227066.23,-182454.59,10.10590617528537,89.89409382471463,-79.78819213654175,-0.9601692917214092,2.207270298654681,1.88717182549243,222860.47,0.0,Valid,-177816.33,-0.01,Valid,227066.23,0.0,Valid,-182454.59,0.0,Valid,Asia,"Middle East, North Africa, Afghanistan and Pakistan",Upper-middle income,250842.78,-12.49,5448.13,46.042,No,3568.0,8.8952,Trade Deficit,High Import Dependency,Low Export Dependency,Negative Growth,Moderate Growth,Moderate Growth,54.8,Moderate Trade Pressure,63.2,54.8,54.2,48.8,1126.1,765.75,360.35,32.0,900.88,40.0,Diversify Export Market,World Bank (NY.GDP.MKTP.CD) via datasets/gdp mirror,2023.0,World Bank (SP.POP.TOTL) via datasets/population mirror,2024.0,"World Bank Data Help Desk - Country and Lending Groups (FY2027, based on 2025 GNI); Continent field from mledoze/countries reference dataset",2026,"Derived: haversine great-circle distance between country centroid coordinates (mledoze/countries reference dataset) and India centroid. Approximate straight-line distance, NOT actual trade/shipping route distance.",Exact calendar year not recoverable from source file; periods kept as relative labels Y1 (current) and Y0 (previous),Valid,22522.07,200338.4,222860.47,-177816.34,22305.82,204760.41,227066.23,-182454.59
93,IRELAND,IRL,4414.11,42010.4,46424.51,-37596.28,5999.83,30257.34,36257.16,-24257.51,9.50814558947418,90.49185441052582,-80.98368728070581,35.923889526994124,-27.97654866414031,-21.900823508961103,46424.51,0.0,Valid,-37596.29,0.01,Valid,36257.17,-0.01,Valid,-24257.51,0.0,Valid,Europe,Europe and Central Asia,High income,545629.45,2.34,101121.33,5.396,"Concluded (EU-India FTA, Jan 2026) - Not yet in force",7916.0,9.5173,Trade Deficit,High Import Dependency,Low Export Dependency,High Growth,Negative Growth,Negative Growth,32.9,Low Trade Pressure,77.5,32.9,72.3,65.1,220.71,150.08,70.63,32.0,176.57,40.0,Increase Exports,World Bank (NY.GDP.MKTP.CD) via datasets/gdp mirror,2023.0,World Bank (SP.POP.TOTL) via datasets/population mirror,2024.0,"World Bank Data Help Desk - Country and Lending Groups (FY2027, based on 2025 GNI); Continent field from mledoze/countries reference dataset",2026,"Derived: haversine great-circle distance between country centroid coordinates (mledoze/countries reference dataset) and India centroid. Approximate straight-line distance, NOT actual trade/shipping route distance.",Exact calendar year not recoverable from source file; periods kept as relative labels Y1 (current) and Y0 (previous),Valid,4414.11,42010.4,46424.51,-37596.28,5999.83,30257.34,36257.16,-24257.51
94,ISRAEL,ISR,33810.09,13498.76,47308.85,20311.33,14531.43,10168.45,24699.88,4362.98,71.4667340254519,28.533265974548105,42.9334680509038,-57.020433840903706,-24.671229061039675,-47.79014920041387,47308.85,0.0,Valid,20311.329999999994,0.0,Valid,24699.88,0.0,Valid,4362.98,0.0,Valid,Asia,"Middle East, North Africa, Afghanistan and Pakistan",High income,509901.5,-2.88,51121.02,9.974,No,4354.0,0.3993,Trade Surplus,Low Import Dependency,High Export Dependency,Negative Growth,Negative Growth,Negative Growth,22.5,Low Trade Pressure,35.4,22.5,56.4,50.8,1690.5,1149.55,540.95,32.0,1352.4,40.0,Maintain Current Trade,World Bank (NY.GDP.MKTP.CD) via datasets/gdp mirror,2023.0,World Bank (SP.POP.TOTL) via datasets/population mirror,2024.0,"World Bank Data Help Desk - Country and Lending Groups (FY2027, based on 2025 GNI); Continent field from mledoze/countries reference dataset",2026,"Derived: haversine great-circle distance between country centroid coordinates (mledoze/countries reference dataset) and India centroid. Approximate straight-line distance, NOT actual trade/shipping route distance.",Exact calendar year not recoverable from source file; periods kept as relative labels Y1 (current) and Y0 (previous),Valid,33810.09,13498.76,47308.85,20311.33,14531.43,10168.45,24699.88,4362.98
95,ITALY,ITA,57633.58,40172.52,97806.11,17461.06,54158.12,42245.65,96403.77,11912.46,58.92635950862375,41.073630267066136,17.85272924155761,-6.030269159056229,5.160567472491158,-1.433795904979757,97806.1,0.01,Valid,17461.060000000005,-0.0,Valid,96403.77,0.0,Valid,11912.47,-0.01,Valid,Europe,Europe and Central Asia,High income,2254851.21,9.09,38248.48,58.953,"Concluded (EU-India FTA, Jan 2026) - Not yet in force",6428.0,0.697,Trade Surplus,Low Import Dependency,Moderate Export Dependency,Negative Growth,Moderate Growth,Negative Growth,21.9,Low Trade Pressure,64.5,21.9,71.3,64.2,2881.68,1959.54,922.14,32.0,2305.34,40.0,Diversify Product,World Bank (NY.GDP.MKTP.CD) via datasets/gdp mirror,2023.0,World Bank (SP.POP.TOTL) via datasets/population mirror,2024.0,"World Bank Data Help Desk - Country and Lending Groups (FY2027, based on 2025 GNI); Continent field from mledoze/countries reference dataset",2026,"Derived: haversine great-circle distance between country centroid coordinates (mledoze/countries reference dataset) and India centroid. Approximate straight-line distance, NOT actual trade/shipping route distance.",Exact calendar year not recoverable from source file; periods kept as relative labels Y1 (current) and Y0 (previous),Valid,57633.58,40172.52,97806.11,17461.06,54158.12,42245.65,96403.77,11912.46
96,JAMAICA,JAM,756.96,48.78,805.74,708.19,623.16,65.18,688.33,557.98,93.94593789559907,6.054062104400924,87.89311688634052,-17.67596702599874,33.620336203362044,-14.571698066373765,805.74,0.0,Valid,708.1800000000001,0.01,Valid,688.3399999999999,-0.01,Valid,557.98,0.0,Valid,Americas,Latin America and the Caribbean,Upper-middle income,19423.36,13.6,6841.2,2.839,No,14933.0,0.0644,Trade Surplus,Low Import Dependency,High Export Dependency,Negative Growth,High Growth,Negative Growth,26.9,Low Trade Pressure,36.2,26.9,54.6,49.1,37.85,25.74,12.11,31.99,30.28,39.99,Maintain Current Trade,World Bank (NY.GDP.MKTP.CD) via datasets/gdp mirror,2023.0,World Bank (SP.POP.TOTL) via datasets/population mirror,2024.0,"World Bank Data Help Desk - Country and Lending Groups (FY2027, based on 2025 GNI); Continent field from mledoze/countries reference dataset",2026,"Derived: haversine great-circle distance between country centroid coordinates (mledoze/countries reference dataset) and India centroid. Approximate straight-line distance, NOT actual trade/shipping route distance.",Exact calendar year not recoverable from source file; periods kept as relative labels Y1 (current) and Y0 (previous),Valid,756.96,48.78,805.74,708.19,623.16,65.18,688.33,557.98
97,JAPAN,JPN,34915.47,120773.45,155688.92,-85857.97,43022.13,134073.6,177095.74,-91051.47,22.42643214430417,77.57356785569583,-55.147129288327,23.21796040551651,11.012478322015316,13.749738902421557,155688.91999999998,0.0,Valid,-85857.98,0.01,Valid,177095.73,0.01,Valid,-91051.47,0.0,Valid,Asia,East Asia and Pacific,High income,4212945.16,-1.02,33982.11,123.975,Yes - In force,6147.0,3.459,Trade Deficit,High Import Dependency,Low Export Dependency,High Growth,High Growth,High Growth,45.2,Moderate Trade Pressure,79.7,45.2,67.2,70.5,1745.77,1187.12,558.65,32.0,1396.62,40.0,Increase Exports,World Bank (NY.GDP.MKTP.CD) via datasets/gdp mirror,2023.0,World Bank (SP.POP.TOTL) via datasets/population mirror,2024.0,"World Bank Data Help Desk - Country and Lending Groups (FY2027, based on 2025 GNI); Continent field from mledoze/countries reference dataset",2026,"Derived: haversine great-circle distance between country centroid coordinates (mledoze/countries reference dataset) and India centroid. Approximate straight-line distance, NOT actual trade/shipping route distance.",Exact calendar year not recoverable from source file; periods kept as relative labels Y1 (current) and Y0 (previous),Valid,34915.47,120773.45,155688.92,-85857.97,43022.13,134073.6,177095.74,-91051.47
98,JORDAN,JOR,9637.44,10751.51,20388.95,-1114.07,5293.28,14128.46,19421.74,-8835.18,47.26795641756932,52.73204358243068,-5.464087164861358,-45.07587077066109,31.40907649251127,-4.743795045845907,20388.95,0.0,Valid,-1114.0699999999997,-0.0,Valid,19421.74,0.0,Valid,-8835.18,0.0,Valid,Asia,"Middle East, North Africa, Afghanistan and Pakistan",Upper-middle income,50813.64,4.44,4398.35,11.553,No,4266.0,1.1156,Trade Deficit,Moderate Import Dependency,Low Export Dependency,Negative Growth,High Growth,Negative Growth,28.5,Low Trade Pressure,34.7,28.5,53.1,47.8,481.87,327.67,154.2,32.0,385.5,40.0,Maintain Current Trade,World Bank (NY.GDP.MKTP.CD) via datasets/gdp mirror,2023.0,World Bank (SP.POP.TOTL) via datasets/population mirror,2024.0,"World Bank Data Help Desk - Country and Lending Groups (FY2027, based on 2025 GNI); Continent field from mledoze/countries reference dataset",2026,"Derived: haversine great-circle distance between country centroid coordinates (mledoze/countries reference dataset) and India centroid. Approximate straight-line distance, NOT actual trade/shipping route distance.",Exact calendar year not recoverable from source file; periods kept as relative labels Y1 (current) and Y0 (previous),Valid,9637.44,10751.51,20388.95,-1114.07,5293.28,14128.46,19421.74,-8835.18
99,KAZAKHSTAN,KAZ,1602.11,525.02,2127.14,1077.09,1889.42,517.64,2407.07,1371.78,75.3175625487744,24.68196733642356,50.63559521235086,17.93322555879435,-1.4056607367338378,13.159923653356165,2127.13,0.01,Valid,1077.09,0.0,Valid,2407.06,0.01,Valid,1371.7800000000002,-0.0,Valid,Asia,Europe and Central Asia,Upper-middle income,261421.12,15.93,12694.92,20.593,No,3217.0,0.3277,Trade Surplus,Low Import Dependency,High Export Dependency,High Growth,Negative Growth,High Growth,24.5,Low Trade Pressure,61.4,24.5,68.4,61.6,80.11,54.47,25.64,32.01,64.09,40.01,Diversify Product,World Bank (NY.GDP.MKTP.CD) via datasets/gdp mirror,2023.0,World Bank (SP.POP.TOTL) via datasets/population mirror,2024.0,"World Bank Data Help Desk - Country and Lending Groups (FY2027, based on 2025 GNI); Continent field from mledoze/countries reference dataset",2026,"Derived: haversine great-circle distance between country centroid coordinates (mledoze/countries reference dataset) and India centroid. Approximate straight-line distance, NOT actual trade/shipping route distance.",Exact calendar year not recoverable from source file; periods kept as relative labels Y1 (current) and Y0 (previous),Valid,1602.11,525.02,2127.14,1077.09,1889.42,517.64,2407.07,1371.78
100,KENYA,KEN,22113.47,1252.78,23366.26,20860.69,20836.42,2225.83,23062.24,18610.59,94.63846589056187,5.361491312687611,89.27697457787424,-5.774986919737168,77.67125911971775,-1.30110680956215,23366.25,0.01,Valid,20860.69,-0.0,Valid,23062.25,-0.01,Valid,18610.59,0.0,Valid,Africa,Sub-Saharan Africa,Lower-middle income,107440.58,-5.27,1903.86,56.433,No,4737.0,0.0567,Trade Surplus,Low Import Dependency,High Export Dependency,Negative Growth,High Growth,Negative Growth,22.9,Low Trade Pressure,60.1,22.9,68.6,61.7,1105.67,751.86,353.81,32.0,884.54,40.0,Diversify Product,World Bank (NY.GDP.MKTP.CD) via datasets/gdp mirror,2023.0,World Bank (SP.POP.TOTL) via datasets/population mirror,2024.0,"World Bank Data Help Desk - Country and Lending Groups (FY2027, based on 2025 GNI); Continent field from mledoze/countries reference dataset",2026,"Derived: haversine great-circle distance between country centroid coordinates (mledoze/countries reference dataset) and India centroid. Approximate straight-line distance, NOT actual trade/shipping route distance.",Exact calendar year not recoverable from source file; periods kept as relative labels Y1 (current) and Y0 (previous),Valid,22113.47,1252.78,23366.26,20860.69,20836.42,2225.83,23062.24,18610.59
101,KIRIBATI REP,KIR,,,0.0,0.0,28.21,0.18,28.39,28.03,,,,,,,,,Missing,,,Missing,28.39,0.0,Valid,28.03,0.0,Valid,Oceania,East Asia and Pacific,Lower-middle income,279.03,3.15,2074.33,0.135,No,10580.0,,Missing,Missing,Missing,Missing,Missing,Missing,51.5,Moderate Trade Pressure,,51.5,,,0.0,0.0,0.0,,0.0,,Insufficient Data,World Bank (NY.GDP.MKTP.CD) via datasets/gdp mirror,2023.0,World Bank (SP.POP.TOTL) via datasets/population mirror,2024.0,"World Bank Data Help Desk - Country and Lending Groups (FY2027, based on 2025 GNI); Continent field from mledoze/countries reference dataset",2026,"Derived: haversine great-circle distance between country centroid coordinates (mledoze/countries reference dataset) and India centroid. Approximate straight-line distance, NOT actual trade/shipping route distance.",Exact calendar year not recoverable from source file; periods kept as relative labels Y1 (current) and Y0 (previous),Valid,,,0.0,0.0,28.21,0.18,28.39,28.03
102,KOREA RP,KOR,44226.39,146272.2,190498.6,-102045.81,40023.75,150765.6,190789.36,-110741.85,23.21612337308516,76.78387137753245,-53.56774800444727,-9.502561705805062,3.071943951072038,0.1526310429577856,190498.59000000003,0.01,Valid,-102045.81,0.0,Valid,190789.35,0.01,Valid,-110741.85,0.0,Valid,Asia,East Asia and Pacific,High income,1712792.85,2.32,33096.77,51.751,Yes - In force,5216.0,3.3074,Trade Deficit,High Import Dependency,Low Export Dependency,Negative Growth,Moderate Growth,Moderate Growth,50.1,Moderate Trade Pressure,61.0,50.1,55.4,59.9,2211.32,1503.7,707.62,32.0,1769.06,40.0,Diversify Export Market,World Bank (NY.GDP.MKTP.CD) via datasets/gdp mirror,2023.0,World Bank (SP.POP.TOTL) via datasets/population mirror,2024.0,"World Bank Data Help Desk - Country and Lending Groups (FY2027, based on 2025 GNI); Continent field from mledoze/countries reference dataset",2026,"Derived: haversine great-circle distance between country centroid coordinates (mledoze/countries reference dataset) and India centroid. Approximate straight-line distance, NOT actual trade/shipping route distance.",Exact calendar year not recoverable from source file; periods kept as relative labels Y1 (current) and Y0 (previous),Valid,44226.39,146272.2,190498.6,-102045.81,40023.75,150765.6,190789.36,-110741.85
103,KUWAIT,KWT,12939.21,58415.42,71354.64,-45476.21,13487.15,54941.98,68429.13,-41454.83,18.13366306662047,81.86632291887395,-63.73265985225347,4.234725303940508,-5.946101217794882,-4.099957620135138,71354.63,0.01,Valid,-45476.21,0.0,Valid,68429.13,0.0,Valid,-41454.83,0.0,Valid,Asia,"Middle East, North Africa, Afghanistan and Pakistan",High income,161772.22,-11.51,33033.19,4.897,No,3315.0,4.5146,Trade Deficit,High Import Dependency,Low Export Dependency,Moderate Growth,Negative Growth,Negative Growth,36.2,Low Trade Pressure,64.8,36.2,64.3,57.9,646.96,439.94,207.02,32.0,517.57,40.0,Diversify Product,World Bank (NY.GDP.MKTP.CD) via datasets/gdp mirror,2023.0,World Bank (SP.POP.TOTL) via datasets/population mirror,2024.0,"World Bank Data Help Desk - Country and Lending Groups (FY2027, based on 2025 GNI); Continent field from mledoze/countries reference dataset",2026,"Derived: haversine great-circle distance between country centroid coordinates (mledoze/countries reference dataset) and India centroid. Approximate straight-line distance, NOT actual trade/shipping route distance.",Exact calendar year not recoverable from source file; periods kept as relative labels Y1 (current) and Y0 (previous),Valid,12939.21,58415.42,71354.64,-45476.21,13487.15,54941.98,68429.13,-41454.83
104,KYRGHYZSTAN,KGZ,291.82,72.97,364.78,218.85,308.7,54.0,362.71,254.7,79.99890344865399,20.00383792971106,59.99506551894292,5.784387636214103,-25.996985062354387,-0.5674653215636803,364.79,-0.01,Valid,218.85,0.0,Valid,362.7,0.01,Valid,254.7,0.0,Valid,Asia,Europe and Central Asia,Lower-middle income,13987.63,15.27,1936.84,7.222,No,2343.0,0.2501,Trade Surplus,Low Import Dependency,High Export Dependency,Moderate Growth,Negative Growth,Negative Growth,24.6,Low Trade Pressure,45.1,24.6,60.2,54.2,14.59,9.92,4.67,32.01,11.67,40.02,Diversify Product,World Bank (NY.GDP.MKTP.CD) via datasets/gdp mirror,2023.0,World Bank (SP.POP.TOTL) via datasets/population mirror,2024.0,"World Bank Data Help Desk - Country and Lending Groups (FY2027, based on 2025 GNI); Continent field from mledoze/countries reference dataset",2026,"Derived: haversine great-circle distance between country centroid coordinates (mledoze/countries reference dataset) and India centroid. Approximate straight-line distance, NOT actual trade/shipping route distance.",Exact calendar year not recoverable from source file; periods kept as relative labels Y1 (current) and Y0 (previous),Valid,291.82,72.97,364.78,218.85,308.7,54.0,362.71,254.7
105,LAO PD RP,LAO,88.69,657.36,746.05,-568.66,86.48,87.21,173.7,-0.73,11.887943167348034,88.11205683265197,-76.22277327256887,-2.491825459465548,-86.73329682365826,-76.7173781918102,746.05,0.0,Valid,-568.6700000000001,0.01,Valid,173.69,0.01,Valid,-0.7299999999999898,-0.0,Valid,Asia,East Asia and Pacific,Lower-middle income,15843.16,2.42,2039.06,7.77,Yes - In force,2949.0,7.4119,Trade Deficit,High Import Dependency,Low Export Dependency,Negative Growth,Negative Growth,Negative Growth,24.1,Low Trade Pressure,36.8,24.1,56.4,60.8,4.43,3.02,1.41,31.83,3.54,39.83,Reduce Import Dependency,World Bank (NY.GDP.MKTP.CD) via datasets/gdp mirror,2023.0,World Bank (SP.POP.TOTL) via datasets/population mirror,2024.0,"World Bank Data Help Desk - Country and Lending Groups (FY2027, based on 2025 GNI); Continent field from mledoze/countries reference dataset",2026,"Derived: haversine great-circle distance between country centroid coordinates (mledoze/countries reference dataset) and India centroid. Approximate straight-line distance, NOT actual trade/shipping route distance.",Exact calendar year not recoverable from source file; periods kept as relative labels Y1 (current) and Y0 (previous),Valid,88.69,657.36,746.05,-568.66,86.48,87.21,173.7,-0.73
106,LATVIA,LVA,1547.72,1100.5,2648.22,447.22,1615.13,1469.94,3085.07,145.19,58.44378488192069,41.55621511807932,16.887569763841377,4.355438968288843,33.57019536574285,16.495985983037677,2648.2200000000003,-0.0,Valid,447.22,0.0,Valid,3085.07,0.0,Valid,145.19000000000003,-0.0,Valid,Europe,Europe and Central Asia,High income,43627.08,7.93,23378.45,1.866,"Concluded (EU-India FTA, Jan 2026) - Not yet in force",5892.0,0.711,Trade Surplus,Low Import Dependency,Moderate Export Dependency,Moderate Growth,High Growth,High Growth,26.2,Low Trade Pressure,52.9,26.2,63.4,57.1,77.39,52.62,24.77,32.01,61.91,40.01,Diversify Product,World Bank (NY.GDP.MKTP.CD) via datasets/gdp mirror,2023.0,World Bank (SP.POP.TOTL) via datasets/population mirror,2024.0,"World Bank Data Help Desk - Country and Lending Groups (FY2027, based on 2025 GNI); Continent field from mledoze/countries reference dataset",2026,"Derived: haversine great-circle distance between country centroid coordinates (mledoze/countries reference dataset) and India centroid. Approximate straight-line distance, NOT actual trade/shipping route distance.",Exact calendar year not recoverable from source file; periods kept as relative labels Y1 (current) and Y0 (previous),Valid,1547.72,1100.5,2648.22,447.22,1615.13,1469.94,3085.07,145.19
107,LEBANON,LBN,2375.28,903.37,3278.65,1471.91,1980.29,663.41,2643.7,1316.88,72.4468912509722,27.5531087490278,44.8937825019444,-16.629197399885495,-26.562759445188576,-19.366202552880004,3278.65,0.0,Valid,1471.9100000000003,-0.0,Valid,2643.7,0.0,Valid,1316.88,0.0,Valid,Asia,"Middle East, North Africa, Afghanistan and Pakistan",Lower-middle income,,,,5.806,No,4328.0,0.3803,Trade Surplus,Low Import Dependency,High Export Dependency,Negative Growth,Negative Growth,Negative Growth,25.2,Low Trade Pressure,42.1,25.2,58.4,52.6,118.76,80.76,38.0,32.0,95.01,40.0,Diversify Product,,,World Bank (SP.POP.TOTL) via datasets/population mirror,2024.0,"World Bank Data Help Desk - Country and Lending Groups (FY2027, based on 2025 GNI); Continent field from mledoze/countries reference dataset",2026,"Derived: haversine great-circle distance between country centroid coordinates (mledoze/countries reference dataset) and India centroid. Approximate straight-line distance, NOT actual trade/shipping route distance.",Exact calendar year not recoverable from source file; periods kept as relative labels Y1 (current) and Y0 (previous),Valid,2375.28,903.37,3278.65,1471.91,1980.29,663.41,2643.7,1316.88
108,LESOTHO,LSO,43.12,0.25,43.36,42.87,82.75,6.22,88.97,76.53,99.44649446494464,0.5765682656826568,98.869926199262,91.90630797773656,2388.0,105.18911439114392,43.37,-0.01,Valid,42.87,0.0,Valid,88.97,0.0,Valid,76.53,0.0,Valid,Africa,Sub-Saharan Africa,Lower-middle income,2046.04,-10.63,875.34,2.337,No,7569.0,0.0058,Trade Surplus,Low Import Dependency,High Export Dependency,High Growth,High Growth,High Growth,39.3,Low Trade Pressure,67.0,39.3,63.8,57.4,2.16,1.47,0.69,31.94,1.73,39.88,Increase Exports,World Bank (NY.GDP.MKTP.CD) via datasets/gdp mirror,2023.0,World Bank (SP.POP.TOTL) via datasets/population mirror,2024.0,"World Bank Data Help Desk - Country and Lending Groups (FY2027, based on 2025 GNI); Continent field from mledoze/countries reference dataset",2026,"Derived: haversine great-circle distance between country centroid coordinates (mledoze/countries reference dataset) and India centroid. Approximate straight-line distance, NOT actual trade/shipping route distance.",Exact calendar year not recoverable from source file; periods kept as relative labels Y1 (current) and Y0 (previous),Valid,43.12,0.25,43.36,42.87,82.75,6.22,88.97,76.53
109,LIBERIA,LBR,1646.1,88.23,1734.34,1557.87,2680.19,153.04,2833.23,2527.15,94.91218561527728,5.087237796510489,89.82494781876679,62.82060628151389,73.45574067777399,63.360702053807216,1734.33,0.01,Valid,1557.87,0.0,Valid,2833.23,0.0,Valid,2527.15,0.0,Valid,Africa,Sub-Saharan Africa,Low income,4332.0,8.27,771.8,5.613,No,9397.0,0.0536,Trade Surplus,Low Import Dependency,High Export Dependency,High Growth,High Growth,High Growth,24.5,Low Trade Pressure,80.8,24.5,78.2,70.4,82.3,55.96,26.34,32.0,65.84,40.01,Increase Exports,World Bank (NY.GDP.MKTP.CD) via datasets/gdp mirror,2023.0,World Bank (SP.POP.TOTL) via datasets/population mirror,2024.0,"World Bank Data Help Desk - Country and Lending Groups (FY2027, based on 2025 GNI); Continent field from mledoze/countries reference dataset",2026,"Derived: haversine great-circle distance between country centroid coordinates (mledoze/countries reference dataset) and India centroid. Approximate straight-line distance, NOT actual trade/shipping route distance.",Exact calendar year not recoverable from source file; periods kept as relative labels Y1 (current) and Y0 (previous),Valid,1646.1,88.23,1734.34,1557.87,2680.19,153.04,2833.23,2527.15
110,LIBYA,LBY,3805.87,1937.11,5742.97,1868.76,4541.64,1089.96,5631.59,3451.68,66.27006583701464,33.7301082889167,32.53995754809794,19.33250478865543,-43.73267393178498,-1.939414623443969,5742.98,-0.01,Valid,1868.76,0.0,Valid,5631.6,-0.01,Valid,3451.6800000000003,-0.0,Valid,Africa,"Middle East, North Africa, Afghanistan and Pakistan",Upper-middle income,50491.72,-9.74,6840.75,7.381,No,6141.0,0.509,Trade Surplus,Low Import Dependency,High Export Dependency,High Growth,Negative Growth,Negative Growth,23.2,Low Trade Pressure,66.1,23.2,71.4,64.3,190.29,129.4,60.89,32.0,152.23,40.0,Increase Exports,World Bank (NY.GDP.MKTP.CD) via datasets/gdp mirror,2023.0,World Bank (SP.POP.TOTL) via datasets/population mirror,2024.0,"World Bank Data Help Desk - Country and Lending Groups (FY2027, based on 2025 GNI); Continent field from mledoze/countries reference dataset",2026,"Derived: haversine great-circle distance between country centroid coordinates (mledoze/countries reference dataset) and India centroid. Approximate straight-line distance, NOT actual trade/shipping route distance.",Exact calendar year not recoverable from source file; periods kept as relative labels Y1 (current) and Y0 (previous),Valid,3805.87,1937.11,5742.97,1868.76,4541.64,1089.96,5631.59,3451.68
111,LIECHTENSTEIN,LIE,1.98,62.69,64.68,-60.71,2.99,13.7,16.69,-10.71,3.0612244897959178,96.92331478045764,-93.86209029066173,51.01010101010103,-78.14643483809219,-74.19604205318493,64.67,0.01,Valid,-60.71,0.0,Valid,16.689999999999998,0.0,Valid,-10.71,-0.0,Valid,Europe,Europe and Central Asia,High income,,,,0.04,Yes - In force,6704.0,31.6616,Trade Deficit,High Import Dependency,Low Export Dependency,High Growth,Negative Growth,Negative Growth,24.0,Low Trade Pressure,61.3,24.0,68.6,71.7,0.1,0.07,0.03,30.0,0.08,37.5,Diversify Product,,,World Bank (SP.POP.TOTL) via datasets/population mirror,2024.0,"World Bank Data Help Desk - Country and Lending Groups (FY2027, based on 2025 GNI); Continent field from mledoze/countries reference dataset",2026,"Derived: haversine great-circle distance between country centroid coordinates (mledoze/countries reference dataset) and India centroid. Approximate straight-line distance, NOT actual trade/shipping route distance.",Exact calendar year not recoverable from source file; periods kept as relative labels Y1 (current) and Y0 (previous),Valid,1.98,62.69,64.68,-60.71,2.99,13.7,16.69,-10.71
112,LITHUANIA,LTU,2190.96,926.25,3117.21,1264.71,1756.32,990.74,2747.05,765.58,70.28592876322097,29.714071236779045,40.57185752644191,-19.83787928579253,6.962483130904184,-11.874721305269771,3117.21,0.0,Valid,1264.71,0.0,Valid,2747.06,-0.01,Valid,765.5799999999999,0.0,Valid,Europe,Europe and Central Asia,High income,77836.4,9.61,26949.07,2.888,"Concluded (EU-India FTA, Jan 2026) - Not yet in force",5910.0,0.4228,Trade Surplus,Low Import Dependency,High Export Dependency,Negative Growth,Moderate Growth,Negative Growth,26.2,Low Trade Pressure,39.8,26.2,56.8,51.1,109.55,74.49,35.06,32.0,87.64,40.0,Maintain Current Trade,World Bank (NY.GDP.MKTP.CD) via datasets/gdp mirror,2023.0,World Bank (SP.POP.TOTL) via datasets/population mirror,2024.0,"World Bank Data Help Desk - Country and Lending Groups (FY2027, based on 2025 GNI); Continent field from mledoze/countries reference dataset",2026,"Derived: haversine great-circle distance between country centroid coordinates (mledoze/countries reference dataset) and India centroid. Approximate straight-line distance, NOT actual trade/shipping route distance.",Exact calendar year not recoverable from source file; periods kept as relative labels Y1 (current) and Y0 (previous),Valid,2190.96,926.25,3117.21,1264.71,1756.32,990.74,2747.05,765.58
113,LUXEMBOURG,LUX,278.46,2056.33,2334.79,-1777.87,361.48,649.65,1011.13,-288.17,11.92655442245341,88.07344557754658,-76.14689115509317,29.813976872800417,-68.40730816551817,-56.69289315099002,2334.79,0.0,Valid,-1777.87,0.0,Valid,1011.13,0.0,Valid,-288.17,-0.0,Valid,Europe,Europe and Central Asia,High income,85755.01,5.04,126666.89,0.677,"Concluded (EU-India FTA, Jan 2026) - Not yet in force",6960.0,7.3847,Trade Deficit,High Import Dependency,Low Export Dependency,High Growth,Negative Growth,Negative Growth,23.5,Low Trade Pressure,59.1,23.5,67.8,61.0,13.92,9.48,4.44,31.9,11.14,39.86,Diversify Product,World Bank (NY.GDP.MKTP.CD) via datasets/gdp mirror,2023.0,World Bank (SP.POP.TOTL) via datasets/population mirror,2024.0,"World Bank Data Help Desk - Country and Lending Groups (FY2027, based on 2025 GNI); Continent field from mledoze/countries reference dataset",2026,"Derived: haversine great-circle distance between country centroid coordinates (mledoze/countries reference dataset) and India centroid. Approximate straight-line distance, NOT actual trade/shipping route distance.",Exact calendar year not recoverable from source file; periods kept as relative labels Y1 (current) and Y0 (previous),Valid,278.46,2056.33,2334.79,-1777.87,361.48,649.65,1011.13,-288.17
114,MACAO,MAC,6.8,46.92,53.72,-40.12,11.19,306.75,317.94,-295.57,12.658227848101266,87.34177215189874,-74.68354430379746,64.55882352941175,553.772378516624,491.84661206254657,53.72,0.0,Valid,-40.120000000000005,0.0,Valid,317.94,0.0,Valid,-295.56,-0.01,Valid,Asia,East Asia and Pacific,High income,47061.84,92.37,68503.41,0.687,No,3791.0,6.9,Trade Deficit,High Import Dependency,Low Export Dependency,High Growth,High Growth,High Growth,37.8,Low Trade Pressure,63.7,37.8,63.0,56.7,0.34,0.23,0.11,32.35,0.27,40.74,Diversify Product,World Bank (NY.GDP.MKTP.CD) via datasets/gdp mirror,2023.0,World Bank (SP.POP.TOTL) via datasets/population mirror,2024.0,"World Bank Data Help Desk - Country and Lending Groups (FY2027, based on 2025 GNI); Continent field from mledoze/countries reference dataset",2026,"Derived: haversine great-circle distance between country centroid coordinates (mledoze/countries reference dataset) and India centroid. Approximate straight-line distance, NOT actual trade/shipping route distance.",Exact calendar year not recoverable from source file; periods kept as relative labels Y1 (current) and Y0 (previous),Valid,6.8,46.92,53.72,-40.12,11.19,306.75,317.94,-295.57
115,MACEDONIA,MKD,252.72,5.76,258.49,246.96,220.62,16.17,236.8,204.45,97.76780533096058,2.2283260474293005,95.53947928353128,-12.701804368471034,180.72916666666669,-8.391040272350962,258.48,0.01,Valid,246.96,0.0,Valid,236.79,0.01,Valid,204.45,0.0,Valid,Europe,Europe and Central Asia,Upper-middle income,14761.24,7.66,8091.19,1.824,No,5668.0,0.0228,Trade Surplus,Low Import Dependency,High Export Dependency,Negative Growth,High Growth,Negative Growth,30.7,Low Trade Pressure,33.3,30.7,51.3,46.2,12.64,8.6,4.04,31.96,10.11,39.96,Maintain Current Trade,World Bank (NY.GDP.MKTP.CD) via datasets/gdp mirror,2023.0,World Bank (SP.POP.TOTL) via datasets/population mirror,2024.0,"World Bank Data Help Desk - Country and Lending Groups (FY2027, based on 2025 GNI); Continent field from mledoze/countries reference dataset",2026,"Derived: haversine great-circle distance between country centroid coordinates (mledoze/countries reference dataset) and India centroid. Approximate straight-line distance, NOT actual trade/shipping route distance.",Exact calendar year not recoverable from source file; periods kept as relative labels Y1 (current) and Y0 (previous),Valid,252.72,5.76,258.49,246.96,220.62,16.17,236.8,204.45
116,MADAGASCAR,MDG,1573.94,1117.44,2691.38,456.5,1916.26,1343.09,3259.35,573.17,58.48077937712252,41.51922062287749,16.961558754245036,21.749240758859926,20.19347794959907,21.103300165714234,2691.38,0.0,Valid,456.5,0.0,Valid,3259.35,0.0,Valid,573.1700000000001,-0.0,Valid,Africa,Sub-Saharan Africa,Low income,16031.7,4.77,501.54,31.965,No,5518.0,0.71,Trade Surplus,Low Import Dependency,Moderate Export Dependency,High Growth,High Growth,High Growth,25.1,Low Trade Pressure,63.5,25.1,69.2,62.3,78.7,53.51,25.19,32.01,62.96,40.01,Diversify Product,World Bank (NY.GDP.MKTP.CD) via datasets/gdp mirror,2023.0,World Bank (SP.POP.TOTL) via datasets/population mirror,2024.0,"World Bank Data Help Desk - Country and Lending Groups (FY2027, based on 2025 GNI); Continent field from mledoze/countries reference dataset",2026,"Derived: haversine great-circle distance between country centroid coordinates (mledoze/countries reference dataset) and India centroid. Approximate straight-line distance, NOT actual trade/shipping route distance.",Exact calendar year not recoverable from source file; periods kept as relative labels Y1 (current) and Y0 (previous),Valid,1573.94,1117.44,2691.38,456.5,1916.26,1343.09,3259.35,573.17
117,MALAWI,MWI,566.54,448.6,1015.13,117.94,663.06,621.93,1284.99,41.13,55.80960074079182,44.19138435471319,11.61821638607863,17.03674939104035,38.6379848417298,26.58378729817856,1015.14,-0.01,Valid,117.93999999999994,0.0,Valid,1284.9899999999998,0.0,Valid,41.13,0.0,Valid,Africa,Sub-Saharan Africa,Low income,14084.34,7.27,650.39,21.655,No,6000.0,0.7918,Trade Surplus,Low Import Dependency,Moderate Export Dependency,High Growth,High Growth,High Growth,25.8,Low Trade Pressure,55.2,25.8,64.7,58.2,28.33,19.26,9.07,32.02,22.66,40.03,Diversify Product,World Bank (NY.GDP.MKTP.CD) via datasets/gdp mirror,2023.0,World Bank (SP.POP.TOTL) via datasets/population mirror,2024.0,"World Bank Data Help Desk - Country and Lending Groups (FY2027, based on 2025 GNI); Continent field from mledoze/countries reference dataset",2026,"Derived: haversine great-circle distance between country centroid coordinates (mledoze/countries reference dataset) and India centroid. Approximate straight-line distance, NOT actual trade/shipping route distance.",Exact calendar year not recoverable from source file; periods kept as relative labels Y1 (current) and Y0 (previous),Valid,566.54,448.6,1015.13,117.94,663.06,621.93,1284.99,41.13
118,MALAYSIA,MYS,45954.43,88917.21,134871.64,-42962.78,53489.78,89457.36,142947.13,-35967.58,34.07271536106478,65.92728463893522,-31.85456927787042,16.39743981156985,0.6074752008075761,5.987537483788282,134871.64,0.0,Valid,-42962.780000000006,0.0,Valid,142947.14,-0.01,Valid,-35967.58,0.0,Valid,Asia,East Asia and Pacific,Upper-middle income,399648.83,-1.81,11239.45,35.558,Yes - In force,4316.0,1.9349,Trade Deficit,High Import Dependency,Low Export Dependency,High Growth,Moderate Growth,Moderate Growth,35.0,Low Trade Pressure,76.7,35.0,70.8,73.7,2297.72,1562.45,735.27,32.0,1838.18,40.0,Increase Exports,World Bank (NY.GDP.MKTP.CD) via datasets/gdp mirror,2023.0,World Bank (SP.POP.TOTL) via datasets/population mirror,2024.0,"World Bank Data Help Desk - Country and Lending Groups (FY2027, based on 2025 GNI); Continent field from mledoze/countries reference dataset",2026,"Derived: haversine great-circle distance between country centroid coordinates (mledoze/countries reference dataset) and India centroid. Approximate straight-line distance, NOT actual trade/shipping route distance.",Exact calendar year not recoverable from source file; periods kept as relative labels Y1 (current) and Y0 (previous),Valid,45954.43,88917.21,134871.64,-42962.78,53489.78,89457.36,142947.13,-35967.58
119,MALDIVES,MDV,6709.71,697.52,7407.23,6012.19,3990.98,913.86,4904.84,3077.12,90.58325446894456,9.416745531055469,81.16650893788906,-40.519336901296775,31.015598119050352,-33.7830741046248,7407.23,0.0,Valid,6012.1900000000005,-0.0,Valid,4904.84,0.0,Valid,3077.12,0.0,Valid,Asia,South Asia,Upper-middle income,6600.0,6.96,12504.76,0.528,Partial/Preferential (SAFTA/SAPTA/MERCOSUR PTA/APTA),1912.0,0.104,Trade Surplus,Low Import Dependency,High Export Dependency,Negative Growth,High Growth,Negative Growth,26.6,Low Trade Pressure,34.6,26.6,54.0,48.6,335.49,228.13,107.36,32.0,268.39,40.0,Maintain Current Trade,World Bank (NY.GDP.MKTP.CD) via datasets/gdp mirror,2023.0,World Bank (SP.POP.TOTL) via datasets/population mirror,2024.0,"World Bank Data Help Desk - Country and Lending Groups (FY2027, based on 2025 GNI); Continent field from mledoze/countries reference dataset",2026,"Derived: haversine great-circle distance between country centroid coordinates (mledoze/countries reference dataset) and India centroid. Approximate straight-line distance, NOT actual trade/shipping route distance.",Exact calendar year not recoverable from source file; periods kept as relative labels Y1 (current) and Y0 (previous),Valid,6709.71,697.52,7407.23,6012.19,3990.98,913.86,4904.84,3077.12
120,MALI,MLI,836.34,215.53,1051.87,620.81,802.67,623.24,1425.92,179.43,79.50982535864699,20.490174641353025,59.01965071729396,-4.025874644283434,189.1662413585116,35.56047800583724,1051.87,-0.0,Valid,620.8100000000001,-0.0,Valid,1425.91,0.01,Valid,179.42999999999995,0.0,Valid,Africa,Sub-Saharan Africa,Low income,20904.9,11.31,854.01,24.479,No,8460.0,0.2577,Trade Surplus,Low Import Dependency,High Export Dependency,Negative Growth,High Growth,High Growth,30.5,Low Trade Pressure,44.7,30.5,57.1,51.4,41.82,28.43,13.39,32.02,33.46,40.02,Diversify Product,World Bank (NY.GDP.MKTP.CD) via datasets/gdp mirror,2023.0,World Bank (SP.POP.TOTL) via datasets/population mirror,2024.0,"World Bank Data Help Desk - Country and Lending Groups (FY2027, based on 2025 GNI); Continent field from mledoze/countries reference dataset",2026,"Derived: haversine great-circle distance between country centroid coordinates (mledoze/countries reference dataset) and India centroid. Approximate straight-line distance, NOT actual trade/shipping route distance.",Exact calendar year not recoverable from source file; periods kept as relative labels Y1 (current) and Y0 (previous),Valid,836.34,215.53,1051.87,620.81,802.67,623.24,1425.92,179.43
121,MALTA,MLT,3718.49,264.07,3982.56,3454.42,2561.25,180.88,2742.13,2380.36,93.3693403238118,6.630659676188181,86.73868064762364,-31.12123469472824,-31.50301056538039,-31.14654895343698,3982.56,0.0,Valid,3454.42,0.0,Valid,2742.13,0.0,Valid,2380.37,-0.01,Valid,Europe,"Middle East, North Africa, Afghanistan and Pakistan",High income,20957.0,14.16,36841.19,0.569,"Concluded (EU-India FTA, Jan 2026) - Not yet in force",6274.0,0.071,Trade Surplus,Low Import Dependency,High Export Dependency,Negative Growth,Negative Growth,Negative Growth,25.2,Low Trade Pressure,35.5,25.2,55.2,49.7,185.92,126.44,59.48,31.99,148.74,39.99,Maintain Current Trade,World Bank (NY.GDP.MKTP.CD) via datasets/gdp mirror,2023.0,World Bank (SP.POP.TOTL) via datasets/population mirror,2024.0,"World Bank Data Help Desk - Country and Lending Groups (FY2027, based on 2025 GNI); Continent field from mledoze/countries reference dataset",2026,"Derived: haversine great-circle distance between country centroid coordinates (mledoze/countries reference dataset) and India centroid. Approximate straight-line distance, NOT actual trade/shipping route distance.",Exact calendar year not recoverable from source file; periods kept as relative labels Y1 (current) and Y0 (previous),Valid,3718.49,264.07,3982.56,3454.42,2561.25,180.88,2742.13,2380.36
122,MARSHALL ISLAND,MHL,18.04,3.0,21.05,15.04,23.57,48.97,72.54,-25.4,85.70071258907362,14.251781472684083,71.44893111638955,30.65410199556542,1532.3333333333333,244.6080760095012,21.04,0.01,Valid,15.04,0.0,Valid,72.53999999999999,0.0,Valid,-25.4,0.0,Valid,Oceania,East Asia and Pacific,Upper-middle income,284.0,9.75,7563.65,0.038,No,9770.0,0.1663,Trade Surplus,Low Import Dependency,High Export Dependency,High Growth,High Growth,High Growth,41.9,Moderate Trade Pressure,53.4,41.9,55.8,50.2,0.9,0.62,0.28,31.11,0.72,38.89,Diversify Export Market,World Bank (NY.GDP.MKTP.CD) via datasets/gdp mirror,2023.0,World Bank (SP.POP.TOTL) via datasets/population mirror,2024.0,"World Bank Data Help Desk - Country and Lending Groups (FY2027, based on 2025 GNI); Continent field from mledoze/countries reference dataset",2026,"Derived: haversine great-circle distance between country centroid coordinates (mledoze/countries reference dataset) and India centroid. Approximate straight-line distance, NOT actual trade/shipping route distance.",Exact calendar year not recoverable from source file; periods kept as relative labels Y1 (current) and Y0 (previous),Valid,18.04,3.0,21.05,15.04,23.57,48.97,72.54,-25.4
123,MARTINIQUE,MTQ,32.11,4.06,36.17,28.04,35.07,2.29,37.36,32.78,88.775228089577,11.224771910423,77.52280895769974,9.218312052320153,-43.59605911330048,3.290019353055011,36.17,0.0,Valid,28.05,-0.01,Valid,37.36,0.0,Valid,32.78,0.0,Valid,Americas,,,,,,,No,14020.0,0.1264,Trade Surplus,Low Import Dependency,High Export Dependency,Moderate Growth,Negative Growth,Moderate Growth,24.0,Low Trade Pressure,41.8,24.0,58.9,53.0,1.61,1.1,0.51,31.68,1.29,39.53,Diversify Product,,,,,"World Bank Data Help Desk - Country and Lending Groups (FY2027, based on 2025 GNI); Continent field from mledoze/countries reference dataset",2026,"Derived: haversine great-circle distance between country centroid coordinates (mledoze/countries reference dataset) and India centroid. Approximate straight-line distance, NOT actual trade/shipping route distance.",Exact calendar year not recoverable from source file; periods kept as relative labels Y1 (current) and Y0 (previous),Valid,32.11,4.06,36.17,28.04,35.07,2.29,37.36,32.78
124,MAURITANIA,MRT,655.85,122.94,778.79,532.92,733.31,165.48,898.79,567.83,84.21397295805032,15.78602704194969,68.42922995929584,11.810627430052593,34.60224499755978,15.408518342557043,778.79,0.0,Valid,532.9100000000001,0.01,Valid,898.79,0.0,Valid,567.8299999999999,0.0,Valid,Africa,Sub-Saharan Africa,Lower-middle income,10452.58,7.27,2022.01,5.169,No,9162.0,0.1875,Trade Surplus,Low Import Dependency,High Export Dependency,High Growth,High Growth,High Growth,25.8,Low Trade Pressure,52.8,25.8,63.5,57.2,32.79,22.29,10.5,32.02,26.23,40.03,Diversify Product,World Bank (NY.GDP.MKTP.CD) via datasets/gdp mirror,2023.0,World Bank (SP.POP.TOTL) via datasets/population mirror,2024.0,"World Bank Data Help Desk - Country and Lending Groups (FY2027, based on 2025 GNI); Continent field from mledoze/countries reference dataset",2026,"Derived: haversine great-circle distance between country centroid coordinates (mledoze/countries reference dataset) and India centroid. Approximate straight-line distance, NOT actual trade/shipping route distance.",Exact calendar year not recoverable from source file; periods kept as relative labels Y1 (current) and Y0 (previous),Valid,655.85,122.94,778.79,532.92,733.31,165.48,898.79,567.83
125,MAURITIUS,MUS,5332.64,536.56,5869.2,4796.08,5044.9,1654.16,6699.06,3390.74,90.85803857425203,9.141961425747972,81.71607714850406,-5.39582645743948,208.289846429104,14.139235330198332,5869.200000000001,-0.0,Valid,4796.08,0.0,Valid,6699.06,0.0,Valid,3390.74,0.0,Valid,Africa,Sub-Saharan Africa,Upper-middle income,14397.13,11.36,11556.73,1.246,Yes - In force,4954.0,0.1006,Trade Surplus,Low Import Dependency,High Export Dependency,Negative Growth,High Growth,High Growth,30.0,Low Trade Pressure,53.7,30.0,61.8,65.6,266.63,181.32,85.31,32.0,213.3,40.0,Diversify Product,World Bank (NY.GDP.MKTP.CD) via datasets/gdp mirror,2023.0,World Bank (SP.POP.TOTL) via datasets/population mirror,2024.0,"World Bank Data Help Desk - Country and Lending Groups (FY2027, based on 2025 GNI); Continent field from mledoze/countries reference dataset",2026,"Derived: haversine great-circle distance between country centroid coordinates (mledoze/countries reference dataset) and India centroid. Approximate straight-line distance, NOT actual trade/shipping route distance.",Exact calendar year not recoverable from source file; periods kept as relative labels Y1 (current) and Y0 (previous),Valid,5332.64,536.56,5869.2,4796.08,5044.9,1654.16,6699.06,3390.74
126,MAYOTTE,MYT,49.47,10.16,59.62,39.31,52.96,12.2,65.16,40.76,82.97551157329755,17.041261321704127,65.93425025159343,7.054780675156665,20.078740157480308,9.292183830929217,59.63,-0.01,Valid,39.31,0.0,Valid,65.16,0.0,Valid,40.760000000000005,-0.0,Valid,Africa,,,,,,,No,5046.0,0.2054,Trade Surplus,Low Import Dependency,High Export Dependency,Moderate Growth,High Growth,Moderate Growth,25.7,Low Trade Pressure,41.6,25.7,58.0,52.2,2.47,1.68,0.79,31.98,1.98,39.9,Diversify Product,,,,,"World Bank Data Help Desk - Country and Lending Groups (FY2027, based on 2025 GNI); Continent field from mledoze/countries reference dataset",2026,"Derived: haversine great-circle distance between country centroid coordinates (mledoze/countries reference dataset) and India centroid. Approximate straight-line distance, NOT actual trade/shipping route distance.",Exact calendar year not recoverable from source file; periods kept as relative labels Y1 (current) and Y0 (previous),Valid,49.47,10.16,59.62,39.31,52.96,12.2,65.16,40.76
127,MEXICO,MEX,36070.34,19704.56,55774.89,16365.78,40427.65,20745.74,61173.4,19681.91,64.6712884597352,35.32872946947991,29.34255899025529,12.080035841081637,5.283954577011617,9.679104701058131,55774.9,-0.01,Valid,16365.779999999995,0.0,Valid,61173.39,0.01,Valid,19681.91,0.0,Valid,Americas,Latin America and the Caribbean,Upper-middle income,1788886.82,22.25,13670.13,130.861,No,15232.0,0.5463,Trade Surplus,Low Import Dependency,Moderate Export Dependency,High Growth,Moderate Growth,Moderate Growth,21.4,Low Trade Pressure,73.2,21.4,75.9,68.3,1803.52,1226.4,577.12,32.0,1442.82,40.0,Increase Exports,World Bank (NY.GDP.MKTP.CD) via datasets/gdp mirror,2023.0,World Bank (SP.POP.TOTL) via datasets/population mirror,2024.0,"World Bank Data Help Desk - Country and Lending Groups (FY2027, based on 2025 GNI); Continent field from mledoze/countries reference dataset",2026,"Derived: haversine great-circle distance between country centroid coordinates (mledoze/countries reference dataset) and India centroid. Approximate straight-line distance, NOT actual trade/shipping route distance.",Exact calendar year not recoverable from source file; periods kept as relative labels Y1 (current) and Y0 (previous),Valid,36070.34,19704.56,55774.89,16365.78,40427.65,20745.74,61173.4,19681.91
128,MICRONESIA,FSM,4.22,0.01,4.23,4.21,6.32,0.0,6.33,6.32,99.76359338061464,0.2364066193853428,99.5271867612293,49.76303317535547,-100.0,49.64539007092198,4.23,0.0,Valid,4.21,0.0,Valid,6.32,0.01,Valid,6.32,0.0,Valid,Oceania,East Asia and Pacific,Upper-middle income,460.0,6.98,4065.04,0.113,No,8834.0,0.0024,Trade Surplus,Low Import Dependency,High Export Dependency,High Growth,Negative Growth,High Growth,21.1,Low Trade Pressure,62.8,21.1,70.8,63.7,0.21,0.15,0.06,28.57,0.17,35.29,Diversify Product,World Bank (NY.GDP.MKTP.CD) via datasets/gdp mirror,2023.0,World Bank (SP.POP.TOTL) via datasets/population mirror,2024.0,"World Bank Data Help Desk - Country and Lending Groups (FY2027, based on 2025 GNI); Continent field from mledoze/countries reference dataset",2026,"Derived: haversine great-circle distance between country centroid coordinates (mledoze/countries reference dataset) and India centroid. Approximate straight-line distance, NOT actual trade/shipping route distance.",Exact calendar year not recoverable from source file; periods kept as relative labels Y1 (current) and Y0 (previous),Valid,4.22,0.01,4.23,4.21,6.32,0.0,6.33,6.32
129,MOLDOVA,MDA,85.83,32.64,118.46,53.19,66.45,8.57,75.01,57.88,72.45483707580618,27.55360459226744,44.90123248353875,-22.57951765117092,-73.74387254901961,-36.67904777984129,118.47,-0.01,Valid,53.19,0.0,Valid,75.02000000000001,-0.01,Valid,57.88,0.0,Valid,Europe,Europe and Central Asia,Upper-middle income,16539.44,13.98,6884.82,2.402,No,5253.0,0.3803,Trade Surplus,Low Import Dependency,High Export Dependency,Negative Growth,Negative Growth,Negative Growth,24.5,Low Trade Pressure,24.6,24.5,50.0,45.0,4.29,2.92,1.37,31.93,3.43,39.94,Maintain Current Trade,World Bank (NY.GDP.MKTP.CD) via datasets/gdp mirror,2023.0,World Bank (SP.POP.TOTL) via datasets/population mirror,2024.0,"World Bank Data Help Desk - Country and Lending Groups (FY2027, based on 2025 GNI); Continent field from mledoze/countries reference dataset",2026,"Derived: haversine great-circle distance between country centroid coordinates (mledoze/countries reference dataset) and India centroid. Approximate straight-line distance, NOT actual trade/shipping route distance.",Exact calendar year not recoverable from source file; periods kept as relative labels Y1 (current) and Y0 (previous),Valid,85.83,32.64,118.46,53.19,66.45,8.57,75.01,57.88
130,MONACO,MCO,16.86,4.41,21.27,12.46,49.73,18.42,68.15,31.3,79.26657263751763,20.73342736248237,58.58015984955337,194.95848161328587,317.687074829932,220.4043253408557,21.27,0.0,Valid,12.45,0.01,Valid,68.15,0.0,Valid,31.309999999999995,-0.01,Valid,Europe,Europe and Central Asia,High income,,,,0.039,No,6868.0,0.2616,Trade Surplus,Low Import Dependency,High Export Dependency,High Growth,High Growth,High Growth,25.7,Low Trade Pressure,64.8,25.7,69.6,62.6,0.84,0.57,0.27,32.14,0.67,40.3,Diversify Product,,,World Bank (SP.POP.TOTL) via datasets/population mirror,2024.0,"World Bank Data Help Desk - Country and Lending Groups (FY2027, based on 2025 GNI); Continent field from mledoze/countries reference dataset",2026,"Derived: haversine great-circle distance between country centroid coordinates (mledoze/countries reference dataset) and India centroid. Approximate straight-line distance, NOT actual trade/shipping route distance.",Exact calendar year not recoverable from source file; periods kept as relative labels Y1 (current) and Y0 (previous),Valid,16.86,4.41,21.27,12.46,49.73,18.42,68.15,31.3
131,MONGOLIA,MNG,218.81,8.19,227.0,210.61,181.73,0.91,182.65,180.82,96.3920704845815,3.607929515418504,92.7797356828194,-16.94620903980623,-88.88888888888889,-19.537444933920703,227.0,0.0,Valid,210.62,-0.01,Valid,182.64,0.01,Valid,180.82,0.0,Valid,Asia,East Asia and Pacific,Upper-middle income,19872.18,15.9,5637.84,3.525,No,3856.0,0.0374,Trade Surplus,Low Import Dependency,High Export Dependency,Negative Growth,Negative Growth,Negative Growth,23.9,Low Trade Pressure,30.5,23.9,53.3,48.0,10.94,7.45,3.49,31.9,8.75,39.89,Maintain Current Trade,World Bank (NY.GDP.MKTP.CD) via datasets/gdp mirror,2023.0,World Bank (SP.POP.TOTL) via datasets/population mirror,2024.0,"World Bank Data Help Desk - Country and Lending Groups (FY2027, based on 2025 GNI); Continent field from mledoze/countries reference dataset",2026,"Derived: haversine great-circle distance between country centroid coordinates (mledoze/countries reference dataset) and India centroid. Approximate straight-line distance, NOT actual trade/shipping route distance.",Exact calendar year not recoverable from source file; periods kept as relative labels Y1 (current) and Y0 (previous),Valid,218.81,8.19,227.0,210.61,181.73,0.91,182.65,180.82
132,MONTENEGRO,MNE,189.78,12.3,202.08,177.49,991.98,10.32,1002.3,981.67,93.91330166270784,6.0866983372921615,87.83155186064924,422.6999683844451,-16.09756097560976,395.9916864608075,202.08,0.0,Valid,177.48,0.01,Valid,1002.3,-0.0,Valid,981.66,0.01,Valid,Europe,Europe and Central Asia,Upper-middle income,7404.54,18.86,11875.29,0.624,No,5898.0,0.0648,Trade Surplus,Low Import Dependency,High Export Dependency,High Growth,Negative Growth,High Growth,8.5,Low Trade Pressure,70.0,8.5,80.8,72.7,9.49,6.45,3.04,32.03,7.59,40.05,Increase Exports,World Bank (NY.GDP.MKTP.CD) via datasets/gdp mirror,2023.0,World Bank (SP.POP.TOTL) via datasets/population mirror,2024.0,"World Bank Data Help Desk - Country and Lending Groups (FY2027, based on 2025 GNI); Continent field from mledoze/countries reference dataset",2026,"Derived: haversine great-circle distance between country centroid coordinates (mledoze/countries reference dataset) and India centroid. Approximate straight-line distance, NOT actual trade/shipping route distance.",Exact calendar year not recoverable from source file; periods kept as relative labels Y1 (current) and Y0 (previous),Valid,189.78,12.3,202.08,177.49,991.98,10.32,1002.3,981.67
133,MOROCCO,MAR,6957.78,9456.44,16414.22,-2498.66,6580.57,12281.0,18861.58,-5700.43,42.38873367117048,57.61126632882952,-15.222532657659029,-5.421413151896152,29.86916852430724,14.909998769359742,16414.22,0.0,Valid,-2498.6600000000008,0.0,Valid,18861.57,0.01,Valid,-5700.43,0.0,Valid,Africa,"Middle East, North Africa, Afghanistan and Pakistan",Lower-middle income,141109.37,7.79,3705.49,38.081,No,8119.0,1.3591,Trade Deficit,Moderate Import Dependency,Low Export Dependency,Negative Growth,High Growth,High Growth,27.2,Low Trade Pressure,56.1,27.2,64.4,58.0,347.89,236.57,111.32,32.0,278.31,40.0,Diversify Product,World Bank (NY.GDP.MKTP.CD) via datasets/gdp mirror,2023.0,World Bank (SP.POP.TOTL) via datasets/population mirror,2024.0,"World Bank Data Help Desk - Country and Lending Groups (FY2027, based on 2025 GNI); Continent field from mledoze/countries reference dataset",2026,"Derived: haversine great-circle distance between country centroid coordinates (mledoze/countries reference dataset) and India centroid. Approximate straight-line distance, NOT actual trade/shipping route distance.",Exact calendar year not recoverable from source file; periods kept as relative labels Y1 (current) and Y0 (previous),Valid,6957.78,9456.44,16414.22,-2498.66,6580.57,12281.0,18861.58,-5700.43
134,MOZAMBIQUE,MOZ,13835.6,16483.88,30319.48,-2648.28,9838.57,15927.06,25765.63,-6088.49,45.632708740387365,54.36729125961264,-8.734582519225265,-28.889459076585045,-3.377966837904677,-15.019551786508206,30319.480000000003,-0.0,Valid,-2648.2800000000007,0.0,Valid,25765.63,0.0,Valid,-6088.49,0.0,Valid,Africa,Sub-Saharan Africa,Low income,20624.6,12.05,595.54,34.632,No,6251.0,1.1914,Trade Deficit,Moderate Import Dependency,Low Export Dependency,Negative Growth,Negative Growth,Negative Growth,27.3,Low Trade Pressure,45.5,27.3,59.1,53.2,691.78,470.41,221.37,32.0,553.42,40.0,Diversify Product,World Bank (NY.GDP.MKTP.CD) via datasets/gdp mirror,2023.0,World Bank (SP.POP.TOTL) via datasets/population mirror,2024.0,"World Bank Data Help Desk - Country and Lending Groups (FY2027, based on 2025 GNI); Continent field from mledoze/countries reference dataset",2026,"Derived: haversine great-circle distance between country centroid coordinates (mledoze/countries reference dataset) and India centroid. Approximate straight-line distance, NOT actual trade/shipping route distance.",Exact calendar year not recoverable from source file; periods kept as relative labels Y1 (current) and Y0 (previous),Valid,13835.6,16483.88,30319.48,-2648.28,9838.57,15927.06,25765.63,-6088.49
135,MYANMAR,MMR,4570.41,7092.59,11663.0,-2522.17,4172.75,11188.64,15361.38,-7015.89,39.1872588527823,60.8127411472177,-21.625396553202435,-8.700751136112512,57.75111771581325,31.710366115064726,11663.0,0.0,Valid,-2522.1800000000003,0.01,Valid,15361.39,-0.01,Valid,-7015.889999999999,-0.0,Valid,Asia,East Asia and Pacific,Lower-middle income,64815.03,4.12,1189.26,54.5,Yes - In force,2190.0,1.5518,Trade Deficit,Moderate Import Dependency,Low Export Dependency,Negative Growth,High Growth,High Growth,28.1,Low Trade Pressure,51.1,28.1,61.5,65.4,228.52,155.4,73.12,32.0,182.82,40.0,Diversify Product,World Bank (NY.GDP.MKTP.CD) via datasets/gdp mirror,2023.0,World Bank (SP.POP.TOTL) via datasets/population mirror,2024.0,"World Bank Data Help Desk - Country and Lending Groups (FY2027, based on 2025 GNI); Continent field from mledoze/countries reference dataset",2026,"Derived: haversine great-circle distance between country centroid coordinates (mledoze/countries reference dataset) and India centroid. Approximate straight-line distance, NOT actual trade/shipping route distance.",Exact calendar year not recoverable from source file; periods kept as relative labels Y1 (current) and Y0 (previous),Valid,4570.41,7092.59,11663.0,-2522.17,4172.75,11188.64,15361.38,-7015.89
136,N. MARIANA IS.,MNP,2.53,0.0,2.54,2.53,,,0.0,0.0,99.60629921259842,0.0,99.60629921259842,,,-100.0,2.53,0.01,Valid,2.53,0.0,Valid,,,Missing,,,Missing,Oceania,East Asia and Pacific,High income,,,,0.044,No,7258.0,0.0,Trade Surplus,Low Import Dependency,High Export Dependency,Missing,Missing,Negative Growth,26.5,Low Trade Pressure,32.0,26.5,52.8,47.5,0.13,0.09,0.04,30.77,0.1,40.0,Maintain Current Trade,,,World Bank (SP.POP.TOTL) via datasets/population mirror,2024.0,"World Bank Data Help Desk - Country and Lending Groups (FY2027, based on 2025 GNI); Continent field from mledoze/countries reference dataset",2026,"Derived: haversine great-circle distance between country centroid coordinates (mledoze/countries reference dataset) and India centroid. Approximate straight-line distance, NOT actual trade/shipping route distance.",Exact calendar year not recoverable from source file; periods kept as relative labels Y1 (current) and Y0 (previous),Valid,2.53,0.0,2.54,2.53,,,0.0,0.0
137,NAMIBIA,NAM,3666.13,2640.33,6306.46,1025.79,1504.74,1474.89,2979.63,29.85,58.132930360297216,41.867069639702784,16.265702153030386,-58.95562896023874,-44.13993705332288,-52.75273291196646,6306.46,0.0,Valid,1025.8000000000002,-0.01,Valid,2979.63,0.0,Valid,29.84999999999991,0.0,Valid,Africa,Sub-Saharan Africa,Lower-middle income,12351.02,-1.72,4076.07,3.03,No,8016.0,0.7202,Trade Surplus,Low Import Dependency,Moderate Export Dependency,Negative Growth,Negative Growth,Negative Growth,26.6,Low Trade Pressure,24.0,26.6,48.7,43.8,183.31,124.65,58.66,32.0,146.65,40.0,Maintain Current Trade,World Bank (NY.GDP.MKTP.CD) via datasets/gdp mirror,2023.0,World Bank (SP.POP.TOTL) via datasets/population mirror,2024.0,"World Bank Data Help Desk - Country and Lending Groups (FY2027, based on 2025 GNI); Continent field from mledoze/countries reference dataset",2026,"Derived: haversine great-circle distance between country centroid coordinates (mledoze/countries reference dataset) and India centroid. Approximate straight-line distance, NOT actual trade/shipping route distance.",Exact calendar year not recoverable from source file; periods kept as relative labels Y1 (current) and Y0 (previous),Valid,3666.13,2640.33,6306.46,1025.79,1504.74,1474.89,2979.63,29.85
138,NAURU RP,NRU,0.7,0.02,0.73,0.68,0.33,0.01,0.34,0.32,95.8904109589041,2.739726027397261,93.15068493150686,-52.85714285714285,-50.0,-53.42465753424656,0.72,0.01,Valid,0.6799999999999999,0.0,Valid,0.34,0.0,Valid,0.32,0.0,Valid,Oceania,,High income,154.13,0.2,12900.96,0.012,No,10019.0,0.0286,Trade Surplus,Low Import Dependency,High Export Dependency,Negative Growth,Negative Growth,Negative Growth,26.4,Low Trade Pressure,0.6,26.4,37.1,33.4,0.03,0.02,0.01,33.33,0.02,50.0,Maintain Current Trade,World Bank (NY.GDP.MKTP.CD) via datasets/gdp mirror,2023.0,World Bank (SP.POP.TOTL) via datasets/population mirror,2024.0,"World Bank Data Help Desk - Country and Lending Groups (FY2027, based on 2025 GNI); Continent field from mledoze/countries reference dataset",2026,"Derived: haversine great-circle distance between country centroid coordinates (mledoze/countries reference dataset) and India centroid. Approximate straight-line distance, NOT actual trade/shipping route distance.",Exact calendar year not recoverable from source file; periods kept as relative labels Y1 (current) and Y0 (previous),Valid,0.7,0.02,0.73,0.68,0.33,0.01,0.34,0.32
139,NEPAL,NPL,48364.41,5675.38,54039.79,42689.03,51229.61,7873.03,59102.64,43356.57,89.49777562051963,10.50222437948038,78.99555124103924,5.92419094950191,38.72251725875624,9.368744771213947,54039.79,0.0,Valid,42689.030000000006,-0.0,Valid,59102.64,0.0,Valid,43356.58,-0.01,Valid,Asia,South Asia,Lower-middle income,40908.07,-0.67,1379.65,29.651,Partial/Preferential (SAFTA/SAPTA/MERCOSUR PTA/APTA),1138.0,0.1173,Trade Surplus,Low Import Dependency,High Export Dependency,Moderate Growth,High Growth,Moderate Growth,19.7,Low Trade Pressure,70.8,19.7,75.6,68.0,2418.22,1644.39,773.83,32.0,1934.58,40.0,Increase Exports,World Bank (NY.GDP.MKTP.CD) via datasets/gdp mirror,2023.0,World Bank (SP.POP.TOTL) via datasets/population mirror,2024.0,"World Bank Data Help Desk - Country and Lending Groups (FY2027, based on 2025 GNI); Continent field from mledoze/countries reference dataset",2026,"Derived: haversine great-circle distance between country centroid coordinates (mledoze/countries reference dataset) and India centroid. Approximate straight-line distance, NOT actual trade/shipping route distance.",Exact calendar year not recoverable from source file; periods kept as relative labels Y1 (current) and Y0 (previous),Valid,48364.41,5675.38,54039.79,42689.03,51229.61,7873.03,59102.64,43356.57
140,NETHERLAND,NLD,145022.34,34839.97,179862.31,110182.37,160132.42,35528.82,195661.24,124603.6,80.62964386479857,19.370356135201423,61.25928772959716,10.419139561532392,1.977183103200142,8.783902530774787,179862.31,0.0,Valid,110182.37,0.0,Valid,195661.24,-0.0,Valid,124603.6,0.0,Valid,Europe,Europe and Central Asia,High income,1118124.75,10.77,62140.53,17.993,"Concluded (EU-India FTA, Jan 2026) - Not yet in force",6996.0,0.2402,Trade Surplus,Low Import Dependency,High Export Dependency,High Growth,Moderate Growth,Moderate Growth,18.6,Low Trade Pressure,75.9,18.6,78.6,70.7,7251.12,4930.76,2320.36,32.0,5800.9,40.0,Increase Exports,World Bank (NY.GDP.MKTP.CD) via datasets/gdp mirror,2023.0,World Bank (SP.POP.TOTL) via datasets/population mirror,2024.0,"World Bank Data Help Desk - Country and Lending Groups (FY2027, based on 2025 GNI); Continent field from mledoze/countries reference dataset",2026,"Derived: haversine great-circle distance between country centroid coordinates (mledoze/countries reference dataset) and India centroid. Approximate straight-line distance, NOT actual trade/shipping route distance.",Exact calendar year not recoverable from source file; periods kept as relative labels Y1 (current) and Y0 (previous),Valid,145022.34,34839.97,179862.31,110182.37,160132.42,35528.82,195661.24,124603.6
141,NETHERLANDANTIL,,150.02,157.14,307.16,-7.12,129.0,26.45,155.45,102.55,48.8409949212137,51.15900507878629,-2.3180101575726004,-14.011465137981608,-83.16787577955964,-49.39119677041282,307.16,0.0,Valid,-7.119999999999976,-0.0,Valid,155.45,0.0,Valid,102.55,0.0,Valid,,,,,,,,Missing,,1.0475,Trade Deficit,Moderate Import Dependency,Low Export Dependency,Negative Growth,Negative Growth,Negative Growth,24.0,Low Trade Pressure,31.0,24.0,53.5,48.2,7.5,5.09,2.41,32.13,6.0,40.17,Maintain Current Trade,,,,,"World Bank Data Help Desk - Country and Lending Groups (FY2027, based on 2025 GNI); Continent field from mledoze/countries reference dataset",2026,"Derived: haversine great-circle distance between country centroid coordinates (mledoze/countries reference dataset) and India centroid. Approximate straight-line distance, NOT actual trade/shipping route distance.",Exact calendar year not recoverable from source file; periods kept as relative labels Y1 (current) and Y0 (previous),Valid,150.02,157.14,307.16,-7.12,129.0,26.45,155.45,102.55
142,NEW CALEDONIA,NCL,109.16,207.03,316.19,-97.88,42.35,57.9,100.26,-15.55,34.52354596919574,65.47645403080426,-30.95607071697397,-61.20373763283254,-72.03303869004492,-68.29121730605017,316.19,0.0,Valid,-97.87,-0.01,Valid,100.25,0.01,Valid,-15.549999999999995,-0.0,Valid,Oceania,East Asia and Pacific,High income,,,,0.293,No,10661.0,1.8966,Trade Deficit,High Import Dependency,Low Export Dependency,Negative Growth,Negative Growth,Negative Growth,26.3,Low Trade Pressure,8.8,26.3,41.2,37.1,5.46,3.71,1.75,32.05,4.37,40.05,Reduce Import Dependency,,,World Bank (SP.POP.TOTL) via datasets/population mirror,2024.0,"World Bank Data Help Desk - Country and Lending Groups (FY2027, based on 2025 GNI); Continent field from mledoze/countries reference dataset",2026,"Derived: haversine great-circle distance between country centroid coordinates (mledoze/countries reference dataset) and India centroid. Approximate straight-line distance, NOT actual trade/shipping route distance.",Exact calendar year not recoverable from source file; periods kept as relative labels Y1 (current) and Y0 (previous),Valid,109.16,207.03,316.19,-97.88,42.35,57.9,100.26,-15.55
143,NEW ZEALAND,NZL,3653.56,2361.96,6015.52,1291.59,4931.75,4221.99,9153.73,709.76,60.73556400776658,39.26443599223342,21.47096177886533,34.9847819660824,78.74942844078645,52.16855733170198,6015.52,0.0,Valid,1291.6,-0.01,Valid,9153.74,-0.01,Valid,709.7600000000002,-0.0,Valid,Oceania,East Asia and Pacific,High income,253465.7,2.73,47936.78,5.288,Concluded - Not yet in force,12021.0,0.6465,Trade Surplus,Low Import Dependency,Moderate Export Dependency,High Growth,High Growth,High Growth,25.9,Low Trade Pressure,74.8,25.9,74.4,67.0,182.68,124.22,58.46,32.0,146.14,40.0,Increase Exports,World Bank (NY.GDP.MKTP.CD) via datasets/gdp mirror,2023.0,World Bank (SP.POP.TOTL) via datasets/population mirror,2024.0,"World Bank Data Help Desk - Country and Lending Groups (FY2027, based on 2025 GNI); Continent field from mledoze/countries reference dataset",2026,"Derived: haversine great-circle distance between country centroid coordinates (mledoze/countries reference dataset) and India centroid. Approximate straight-line distance, NOT actual trade/shipping route distance.",Exact calendar year not recoverable from source file; periods kept as relative labels Y1 (current) and Y0 (previous),Valid,3653.56,2361.96,6015.52,1291.59,4931.75,4221.99,9153.73,709.76
144,NICARAGUA,NIC,845.09,177.85,1022.94,667.24,1095.1,178.66,1273.76,916.44,82.6138385438051,17.386161456194888,65.22767708761022,29.583831307908014,0.4554399775091382,24.5195221616126,1022.94,0.0,Valid,667.24,0.0,Valid,1273.76,0.0,Valid,916.44,0.0,Valid,Americas,Latin America and the Caribbean,Lower-middle income,17829.22,13.93,2577.91,6.916,No,15851.0,0.2105,Trade Surplus,Low Import Dependency,High Export Dependency,High Growth,Moderate Growth,High Growth,24.2,Low Trade Pressure,65.1,24.2,70.4,63.4,42.25,28.73,13.52,32.0,33.8,40.0,Increase Exports,World Bank (NY.GDP.MKTP.CD) via datasets/gdp mirror,2023.0,World Bank (SP.POP.TOTL) via datasets/population mirror,2024.0,"World Bank Data Help Desk - Country and Lending Groups (FY2027, based on 2025 GNI); Continent field from mledoze/countries reference dataset",2026,"Derived: haversine great-circle distance between country centroid coordinates (mledoze/countries reference dataset) and India centroid. Approximate straight-line distance, NOT actual trade/shipping route distance.",Exact calendar year not recoverable from source file; periods kept as relative labels Y1 (current) and Y0 (previous),Valid,845.09,177.85,1022.94,667.24,1095.1,178.66,1273.76,916.44
145,NIGER,NER,313.44,453.7,767.14,-140.26,498.67,274.65,773.32,224.02,40.85825273092265,59.14174726907735,-18.283494538154702,59.09583971413988,-39.46440379105136,0.8055895925124571,767.14,0.0,Valid,-140.26,0.0,Valid,773.3199999999999,0.0,Valid,224.02000000000004,-0.0,Valid,Africa,Sub-Saharan Africa,Low income,16819.17,8.98,622.19,27.032,No,7260.0,1.4475,Trade Deficit,Moderate Import Dependency,Low Export Dependency,High Growth,Negative Growth,Moderate Growth,22.2,Low Trade Pressure,72.2,22.2,75.0,67.5,15.67,10.66,5.01,31.97,12.54,39.95,Increase Exports,World Bank (NY.GDP.MKTP.CD) via datasets/gdp mirror,2023.0,World Bank (SP.POP.TOTL) via datasets/population mirror,2024.0,"World Bank Data Help Desk - Country and Lending Groups (FY2027, based on 2025 GNI); Continent field from mledoze/countries reference dataset",2026,"Derived: haversine great-circle distance between country centroid coordinates (mledoze/countries reference dataset) and India centroid. Approximate straight-line distance, NOT actual trade/shipping route distance.",Exact calendar year not recoverable from source file; periods kept as relative labels Y1 (current) and Y0 (previous),Valid,313.44,453.7,767.14,-140.26,498.67,274.65,773.32,224.02
146,NIGERIA,NGA,26093.07,21905.42,47998.49,4187.66,20330.22,30612.11,50942.34,-10281.89,54.36227264649367,45.63772735350633,8.724566126976079,-22.08574920467388,39.74673847842225,6.133213774016638,47998.49,0.0,Valid,4187.6500000000015,0.01,Valid,50942.33,0.01,Valid,-10281.89,0.0,Valid,Africa,Sub-Saharan Africa,Lower-middle income,362814.95,-23.23,1559.29,232.679,No,7448.0,0.8395,Trade Surplus,Low Import Dependency,Moderate Export Dependency,Negative Growth,High Growth,Moderate Growth,26.5,Low Trade Pressure,51.2,26.5,62.4,56.2,1304.65,887.17,417.48,32.0,1043.72,40.0,Diversify Product,World Bank (NY.GDP.MKTP.CD) via datasets/gdp mirror,2023.0,World Bank (SP.POP.TOTL) via datasets/population mirror,2024.0,"World Bank Data Help Desk - Country and Lending Groups (FY2027, based on 2025 GNI); Continent field from mledoze/countries reference dataset",2026,"Derived: haversine great-circle distance between country centroid coordinates (mledoze/countries reference dataset) and India centroid. Approximate straight-line distance, NOT actual trade/shipping route distance.",Exact calendar year not recoverable from source file; periods kept as relative labels Y1 (current) and Y0 (previous),Valid,26093.07,21905.42,47998.49,4187.66,20330.22,30612.11,50942.34,-10281.89
147,NORFOLK IS,NFK,0.14,0.94,1.07,-0.8,6.77,2.51,9.28,4.26,13.08411214953271,87.85046728971962,-74.76635514018692,4735.714285714285,167.0212765957447,767.2897196261681,1.08,-0.01,Valid,-0.7999999999999999,-0.0,Valid,9.28,0.0,Valid,4.26,0.0,Valid,Oceania,,,,,,,No,11158.0,6.7143,Trade Deficit,High Import Dependency,Low Export Dependency,High Growth,High Growth,High Growth,13.8,Low Trade Pressure,60.4,13.8,73.3,66.0,0.01,0.01,0.0,0.0,0.01,0.0,Diversify Product,,,,,"World Bank Data Help Desk - Country and Lending Groups (FY2027, based on 2025 GNI); Continent field from mledoze/countries reference dataset",2026,"Derived: haversine great-circle distance between country centroid coordinates (mledoze/countries reference dataset) and India centroid. Approximate straight-line distance, NOT actual trade/shipping route distance.",Exact calendar year not recoverable from source file; periods kept as relative labels Y1 (current) and Y0 (previous),Valid,0.14,0.94,1.07,-0.8,6.77,2.51,9.28,4.26
148,NORWAY,NOR,2771.02,5397.42,8168.43,-2626.4,3008.58,4260.18,7268.76,-1251.6,33.92353242912041,66.0765899934259,-32.153057564305506,8.573016434381561,-21.070066809697963,-11.013989224367474,8168.44,-0.01,Valid,-2626.4,0.0,Valid,7268.76,0.0,Valid,-1251.6000000000004,0.0,Valid,Europe,Europe and Central Asia,High income,485513.32,-18.23,87130.12,5.572,Yes - In force,6859.0,1.9478,Trade Deficit,High Import Dependency,Low Export Dependency,Moderate Growth,Negative Growth,Negative Growth,25.4,Low Trade Pressure,57.8,25.4,66.2,69.6,138.55,94.21,44.34,32.0,110.84,40.0,Diversify Product,World Bank (NY.GDP.MKTP.CD) via datasets/gdp mirror,2023.0,World Bank (SP.POP.TOTL) via datasets/population mirror,2024.0,"World Bank Data Help Desk - Country and Lending Groups (FY2027, based on 2025 GNI); Continent field from mledoze/countries reference dataset",2026,"Derived: haversine great-circle distance between country centroid coordinates (mledoze/countries reference dataset) and India centroid. Approximate straight-line distance, NOT actual trade/shipping route distance.",Exact calendar year not recoverable from source file; periods kept as relative labels Y1 (current) and Y0 (previous),Valid,2771.02,5397.42,8168.43,-2626.4,3008.58,4260.18,7268.76,-1251.6
149,OMAN,OMN,30649.44,32102.9,62752.34,-1453.46,28468.13,45671.42,74139.55,-17203.3,48.84190772806241,51.15809227193759,-2.3161845438751767,-7.116965269185988,42.26571431241413,18.146271517524298,62752.34,0.0,Valid,-1453.4600000000028,0.0,Valid,74139.55,0.0,Valid,-17203.289999999997,-0.01,Valid,Asia,"Middle East, North Africa, Afghanistan and Pakistan",High income,108192.46,-5.65,20485.03,5.282,Yes - In force,2085.0,1.0474,Trade Deficit,Moderate Import Dependency,Low Export Dependency,Negative Growth,High Growth,High Growth,27.3,Low Trade Pressure,60.8,27.3,66.8,70.1,1532.47,1042.08,490.39,32.0,1225.98,40.0,Diversify Product,World Bank (NY.GDP.MKTP.CD) via datasets/gdp mirror,2023.0,World Bank (SP.POP.TOTL) via datasets/population mirror,2024.0,"World Bank Data Help Desk - Country and Lending Groups (FY2027, based on 2025 GNI); Continent field from mledoze/countries reference dataset",2026,"Derived: haversine great-circle distance between country centroid coordinates (mledoze/countries reference dataset) and India centroid. Approximate straight-line distance, NOT actual trade/shipping route distance.",Exact calendar year not recoverable from source file; periods kept as relative labels Y1 (current) and Y0 (previous),Valid,30649.44,32102.9,62752.34,-1453.46,28468.13,45671.42,74139.55,-17203.3
150,PAKISTAN IR,PAK,9148.27,23.65,9171.92,9124.62,3764.1,3.56,3767.66,3760.55,99.74214777276732,0.2578522272326841,99.48429554553464,-58.854515662524165,-84.94714587737843,-58.92179609067676,9171.92,0.0,Valid,9124.62,0.0,Valid,3767.66,0.0,Valid,3760.54,0.01,Valid,Asia,"Middle East, North Africa, Afghanistan and Pakistan",Lower-middle income,338368.46,-9.72,1346.64,251.269,No,1316.0,0.0026,Trade Surplus,Low Import Dependency,High Export Dependency,Negative Growth,Negative Growth,Negative Growth,23.6,Low Trade Pressure,31.2,23.6,53.8,48.4,457.41,311.04,146.37,32.0,365.93,40.0,Maintain Current Trade,World Bank (NY.GDP.MKTP.CD) via datasets/gdp mirror,2023.0,World Bank (SP.POP.TOTL) via datasets/population mirror,2024.0,"World Bank Data Help Desk - Country and Lending Groups (FY2027, based on 2025 GNI); Continent field from mledoze/countries reference dataset",2026,"Derived: haversine great-circle distance between country centroid coordinates (mledoze/countries reference dataset) and India centroid. Approximate straight-line distance, NOT actual trade/shipping route distance.",Exact calendar year not recoverable from source file; periods kept as relative labels Y1 (current) and Y0 (previous),Valid,9148.27,23.65,9171.92,9124.62,3764.1,3.56,3767.66,3760.55
151,PALAU,PLW,1.14,17.07,18.21,-15.92,,,0.0,0.0,6.260296540362438,93.73970345963755,-87.42449203734212,,,-100.0,18.21,0.0,Valid,-15.93,0.01,Valid,,,Missing,,,Missing,Oceania,East Asia and Pacific,High income,263.02,8.54,14864.13,0.018,No,6334.0,14.9737,Trade Deficit,High Import Dependency,Low Export Dependency,Missing,Missing,Negative Growth,27.8,Low Trade Pressure,30.9,27.8,51.6,46.4,0.06,0.03,0.03,50.0,0.05,60.0,Reduce Import Dependency,World Bank (NY.GDP.MKTP.CD) via datasets/gdp mirror,2023.0,World Bank (SP.POP.TOTL) via datasets/population mirror,2024.0,"World Bank Data Help Desk - Country and Lending Groups (FY2027, based on 2025 GNI); Continent field from mledoze/countries reference dataset",2026,"Derived: haversine great-circle distance between country centroid coordinates (mledoze/countries reference dataset) and India centroid. Approximate straight-line distance, NOT actual trade/shipping route distance.",Exact calendar year not recoverable from source file; periods kept as relative labels Y1 (current) and Y0 (previous),Valid,1.14,17.07,18.21,-15.92,,,0.0,0.0
152,PANAMA REPUBLIC,PAN,2101.68,3033.93,5135.61,-932.25,1994.56,701.82,2696.38,1292.74,40.923668269202686,59.076331730797314,-18.15266346159463,-5.096874881047539,-76.86762713707962,-47.49640256950975,5135.61,0.0,Valid,-932.25,0.0,Valid,2696.38,0.0,Valid,1292.7399999999998,0.0,Valid,Americas,Latin America and the Caribbean,High income,83382.4,8.96,18465.5,4.516,No,15924.0,1.4436,Trade Deficit,Moderate Import Dependency,Low Export Dependency,Negative Growth,Negative Growth,Negative Growth,24.1,Low Trade Pressure,48.5,24.1,62.2,56.0,105.08,71.44,33.64,32.01,84.06,40.02,Diversify Product,World Bank (NY.GDP.MKTP.CD) via datasets/gdp mirror,2023.0,World Bank (SP.POP.TOTL) via datasets/population mirror,2024.0,"World Bank Data Help Desk - Country and Lending Groups (FY2027, based on 2025 GNI); Continent field from mledoze/countries reference dataset",2026,"Derived: haversine great-circle distance between country centroid coordinates (mledoze/countries reference dataset) and India centroid. Approximate straight-line distance, NOT actual trade/shipping route distance.",Exact calendar year not recoverable from source file; periods kept as relative labels Y1 (current) and Y0 (previous),Valid,2101.68,3033.93,5135.61,-932.25,1994.56,701.82,2696.38,1292.74
153,PAPUA N GNA,PNG,475.15,3098.51,3573.66,-2623.37,473.31,2860.19,3333.5,-2386.89,13.295892726224654,86.70410727377535,-73.40849437271592,-0.3872461328001631,-7.691438788320842,-6.720281168326025,3573.6600000000003,-0.0,Valid,-2623.36,-0.01,Valid,3333.5,0.0,Valid,-2386.88,-0.01,Valid,Oceania,East Asia and Pacific,Lower-middle income,30932.5,-2.12,2924.64,10.577,No,8174.0,6.5211,Trade Deficit,High Import Dependency,Low Export Dependency,Negative Growth,Negative Growth,Negative Growth,26.5,Low Trade Pressure,43.0,26.5,58.2,52.4,23.76,16.16,7.6,31.99,19.01,39.98,Reduce Import Dependency,World Bank (NY.GDP.MKTP.CD) via datasets/gdp mirror,2023.0,World Bank (SP.POP.TOTL) via datasets/population mirror,2024.0,"World Bank Data Help Desk - Country and Lending Groups (FY2027, based on 2025 GNI); Continent field from mledoze/countries reference dataset",2026,"Derived: haversine great-circle distance between country centroid coordinates (mledoze/countries reference dataset) and India centroid. Approximate straight-line distance, NOT actual trade/shipping route distance.",Exact calendar year not recoverable from source file; periods kept as relative labels Y1 (current) and Y0 (previous),Valid,475.15,3098.51,3573.66,-2623.37,473.31,2860.19,3333.5,-2386.89
154,PARAGUAY,PRY,1500.13,203.7,1703.83,1296.43,1274.68,226.94,1501.62,1047.74,88.04458191251476,11.955418087485253,76.0891638250295,-15.02869751288222,11.408934707903786,-11.86796804845554,1703.8300000000002,-0.0,Valid,1296.43,0.0,Valid,1501.62,-0.0,Valid,1047.74,0.0,Valid,Americas,Latin America and the Caribbean,Upper-middle income,42956.26,2.39,6199.35,6.929,Partial/Preferential (SAFTA/SAPTA/MERCOSUR PTA/APTA),15365.0,0.1358,Trade Surplus,Low Import Dependency,High Export Dependency,Negative Growth,High Growth,Negative Growth,26.1,Low Trade Pressure,40.7,26.1,57.3,51.6,75.01,51.01,24.0,32.0,60.01,39.99,Diversify Product,World Bank (NY.GDP.MKTP.CD) via datasets/gdp mirror,2023.0,World Bank (SP.POP.TOTL) via datasets/population mirror,2024.0,"World Bank Data Help Desk - Country and Lending Groups (FY2027, based on 2025 GNI); Continent field from mledoze/countries reference dataset",2026,"Derived: haversine great-circle distance between country centroid coordinates (mledoze/countries reference dataset) and India centroid. Approximate straight-line distance, NOT actual trade/shipping route distance.",Exact calendar year not recoverable from source file; periods kept as relative labels Y1 (current) and Y0 (previous),Valid,1500.13,203.7,1703.83,1296.43,1274.68,226.94,1501.62,1047.74
155,PERU,PER,6322.01,21800.94,28122.95,-15478.93,6793.54,37589.7,44383.24,-30796.16,22.479896312442328,77.52010368755766,-55.040207375115344,7.458545620775666,72.42238178720733,57.81857877640858,28122.95,0.0,Valid,-15478.929999999998,-0.0,Valid,44383.24,0.0,Valid,-30796.16,-0.0,Valid,Americas,Latin America and the Caribbean,Upper-middle income,267603.25,8.57,7820.58,34.218,No,16915.0,3.4484,Trade Deficit,High Import Dependency,Low Export Dependency,Moderate Growth,High Growth,High Growth,31.0,Low Trade Pressure,62.7,31.0,65.8,59.2,316.1,214.95,101.15,32.0,252.88,40.0,Diversify Product,World Bank (NY.GDP.MKTP.CD) via datasets/gdp mirror,2023.0,World Bank (SP.POP.TOTL) via datasets/population mirror,2024.0,"World Bank Data Help Desk - Country and Lending Groups (FY2027, based on 2025 GNI); Continent field from mledoze/countries reference dataset",2026,"Derived: haversine great-circle distance between country centroid coordinates (mledoze/countries reference dataset) and India centroid. Approximate straight-line distance, NOT actual trade/shipping route distance.",Exact calendar year not recoverable from source file; periods kept as relative labels Y1 (current) and Y0 (previous),Valid,6322.01,21800.94,28122.95,-15478.93,6793.54,37589.7,44383.24,-30796.16
156,PHILIPPINES,PHL,13260.03,9996.41,23256.44,3263.62,14854.09,8094.98,22949.07,6759.12,57.01659411328648,42.983405886713534,14.03318822657294,12.021541429393444,-19.021128585162074,-1.3216554210360614,23256.44,-0.0,Valid,3263.620000000001,-0.0,Valid,22949.07,0.0,Valid,6759.110000000001,0.01,Valid,Asia,East Asia and Pacific,Upper-middle income,437146.37,8.11,3773.59,115.844,Yes - In force,4846.0,0.7539,Trade Surplus,Low Import Dependency,Moderate Export Dependency,High Growth,Negative Growth,Negative Growth,23.8,Low Trade Pressure,69.7,23.8,73.0,75.7,663.0,450.84,212.16,32.0,530.4,40.0,Increase Exports,World Bank (NY.GDP.MKTP.CD) via datasets/gdp mirror,2023.0,World Bank (SP.POP.TOTL) via datasets/population mirror,2024.0,"World Bank Data Help Desk - Country and Lending Groups (FY2027, based on 2025 GNI); Continent field from mledoze/countries reference dataset",2026,"Derived: haversine great-circle distance between country centroid coordinates (mledoze/countries reference dataset) and India centroid. Approximate straight-line distance, NOT actual trade/shipping route distance.",Exact calendar year not recoverable from source file; periods kept as relative labels Y1 (current) and Y0 (previous),Valid,13260.03,9996.41,23256.44,3263.62,14854.09,8094.98,22949.07,6759.12
157,PITCAIRN IS.,PCN,,,0.0,0.0,0.0,0.12,0.13,-0.12,,,,,,,,,Missing,,,Missing,0.12,0.01,Valid,-0.12,0.0,Valid,Oceania,,,,,,,No,17180.0,,Missing,Missing,Missing,Missing,Missing,Missing,51.5,Moderate Trade Pressure,,51.5,,,0.0,0.0,0.0,,0.0,,Insufficient Data,,,,,"World Bank Data Help Desk - Country and Lending Groups (FY2027, based on 2025 GNI); Continent field from mledoze/countries reference dataset",2026,"Derived: haversine great-circle distance between country centroid coordinates (mledoze/countries reference dataset) and India centroid. Approximate straight-line distance, NOT actual trade/shipping route distance.",Exact calendar year not recoverable from source file; periods kept as relative labels Y1 (current) and Y0 (previous),Valid,,,0.0,0.0,0.0,0.12,0.13,-0.12
158,POLAND,POL,16192.79,10629.4,26822.2,5563.39,18031.31,8608.34,26639.64,9422.97,60.37084952017359,39.62911319727688,20.741736322896703,11.353942093981336,-19.01386719852484,-0.6806302242172577,26822.19,0.01,Valid,5563.390000000001,-0.0,Valid,26639.65,-0.01,Valid,9422.97,-0.0,Valid,Europe,Europe and Central Asia,High income,811229.1,17.61,22189.45,36.559,"Concluded (EU-India FTA, Jan 2026) - Not yet in force",6030.0,0.6564,Trade Surplus,Low Import Dependency,Moderate Export Dependency,High Growth,Negative Growth,Negative Growth,23.3,Low Trade Pressure,69.8,23.3,73.2,65.9,809.64,550.56,259.08,32.0,647.71,40.0,Increase Exports,World Bank (NY.GDP.MKTP.CD) via datasets/gdp mirror,2023.0,World Bank (SP.POP.TOTL) via datasets/population mirror,2024.0,"World Bank Data Help Desk - Country and Lending Groups (FY2027, based on 2025 GNI); Continent field from mledoze/countries reference dataset",2026,"Derived: haversine great-circle distance between country centroid coordinates (mledoze/countries reference dataset) and India centroid. Approximate straight-line distance, NOT actual trade/shipping route distance.",Exact calendar year not recoverable from source file; periods kept as relative labels Y1 (current) and Y0 (previous),Valid,16192.79,10629.4,26822.2,5563.39,18031.31,8608.34,26639.64,9422.97
159,PORTUGAL,PRT,8158.33,1215.11,9373.44,6943.22,6319.25,1440.47,7759.72,4878.78,87.03666956848286,12.963330431517136,74.07333913696573,-22.5423585464182,18.54646904395488,-17.21587805544176,9373.44,0.0,Valid,6943.22,0.0,Valid,7759.72,0.0,Valid,4878.78,0.0,Valid,Europe,Europe and Central Asia,High income,287080.01,12.49,26843.25,10.695,"Concluded (EU-India FTA, Jan 2026) - Not yet in force",8195.0,0.1489,Trade Surplus,Low Import Dependency,High Export Dependency,Negative Growth,High Growth,Negative Growth,25.3,Low Trade Pressure,46.7,25.3,60.7,54.6,407.92,277.4,130.52,32.0,326.34,40.0,Diversify Product,World Bank (NY.GDP.MKTP.CD) via datasets/gdp mirror,2023.0,World Bank (SP.POP.TOTL) via datasets/population mirror,2024.0,"World Bank Data Help Desk - Country and Lending Groups (FY2027, based on 2025 GNI); Continent field from mledoze/countries reference dataset",2026,"Derived: haversine great-circle distance between country centroid coordinates (mledoze/countries reference dataset) and India centroid. Approximate straight-line distance, NOT actual trade/shipping route distance.",Exact calendar year not recoverable from source file; periods kept as relative labels Y1 (current) and Y0 (previous),Valid,8158.33,1215.11,9373.44,6943.22,6319.25,1440.47,7759.72,4878.78
160,PUERTO RICO,PRI,978.3,1014.16,1992.46,-35.86,933.23,2133.63,3066.86,-1200.41,49.100107404916535,50.899892595083465,-1.7997851901669293,-4.606971276704481,110.38396308274832,53.92329080633991,1992.46,0.0,Valid,-35.860000000000014,0.0,Valid,3066.86,0.0,Valid,-1200.4,-0.01,Valid,Americas,Latin America and the Caribbean,High income,117902.3,3.82,36806.57,3.203,No,14190.0,1.0367,Balanced,Moderate Import Dependency,Low Export Dependency,Negative Growth,High Growth,High Growth,28.7,Low Trade Pressure,45.1,28.7,58.2,52.4,48.92,33.28,15.64,31.97,39.14,39.96,Diversify Product,World Bank (NY.GDP.MKTP.CD) via datasets/gdp mirror,2023.0,World Bank (SP.POP.TOTL) via datasets/population mirror,2024.0,"World Bank Data Help Desk - Country and Lending Groups (FY2027, based on 2025 GNI); Continent field from mledoze/countries reference dataset",2026,"Derived: haversine great-circle distance between country centroid coordinates (mledoze/countries reference dataset) and India centroid. Approximate straight-line distance, NOT actual trade/shipping route distance.",Exact calendar year not recoverable from source file; periods kept as relative labels Y1 (current) and Y0 (previous),Valid,978.3,1014.16,1992.46,-35.86,933.23,2133.63,3066.86,-1200.41
161,QATAR,QAT,10716.36,82985.39,93701.76,-72269.03,12099.24,85740.63,97839.87,-73641.38,11.436668852324654,88.56332047551722,-77.12665162319257,12.904381711700609,3.320150691585597,4.41625642890806,93701.75,0.01,Valid,-72269.03,0.0,Valid,97839.87,-0.0,Valid,-73641.39,0.01,Valid,Asia,"Middle East, North Africa, Afghanistan and Pakistan",High income,,,,2.858,No,2706.0,7.7438,Trade Deficit,High Import Dependency,Low Export Dependency,High Growth,Moderate Growth,Moderate Growth,42.6,Moderate Trade Pressure,69.6,42.6,63.5,57.2,535.82,364.35,171.47,32.0,428.66,40.0,Increase Exports,,,World Bank (SP.POP.TOTL) via datasets/population mirror,2024.0,"World Bank Data Help Desk - Country and Lending Groups (FY2027, based on 2025 GNI); Continent field from mledoze/countries reference dataset",2026,"Derived: haversine great-circle distance between country centroid coordinates (mledoze/countries reference dataset) and India centroid. Approximate straight-line distance, NOT actual trade/shipping route distance.",Exact calendar year not recoverable from source file; periods kept as relative labels Y1 (current) and Y0 (previous),Valid,10716.36,82985.39,93701.76,-72269.03,12099.24,85740.63,97839.87,-73641.38
162,REUNION,REU,303.82,264.6,568.42,39.22,351.03,211.6,562.64,139.43,53.44991379613666,46.55008620386335,6.899827592273319,15.538805871897829,-20.03023431594861,-1.0168537349143192,568.4200000000001,-0.0,Valid,39.21999999999997,0.0,Valid,562.63,0.01,Valid,139.42999999999998,0.0,Valid,Africa,,,,,,,No,5138.0,0.8709,Trade Surplus,Low Import Dependency,Moderate Export Dependency,High Growth,Negative Growth,Negative Growth,24.4,Low Trade Pressure,51.3,24.4,63.4,57.1,15.19,10.33,4.86,31.99,12.15,40.0,Diversify Product,,,,,"World Bank Data Help Desk - Country and Lending Groups (FY2027, based on 2025 GNI); Continent field from mledoze/countries reference dataset",2026,"Derived: haversine great-circle distance between country centroid coordinates (mledoze/countries reference dataset) and India centroid. Approximate straight-line distance, NOT actual trade/shipping route distance.",Exact calendar year not recoverable from source file; periods kept as relative labels Y1 (current) and Y0 (previous),Valid,303.82,264.6,568.42,39.22,351.03,211.6,562.64,139.43
163,ROMANIA,ROU,13595.28,8233.64,21828.92,5361.63,6870.36,3054.54,9924.9,3815.82,62.281047344531935,37.71895265546807,24.562048878277075,-49.46510847882501,-62.90170568545624,-54.53325221770019,21828.92,0.0,Valid,5361.640000000001,-0.01,Valid,9924.9,0.0,Valid,3815.82,0.0,Valid,Europe,Europe and Central Asia,High income,351002.58,17.43,18423.59,19.052,"Concluded (EU-India FTA, Jan 2026) - Not yet in force",5517.0,0.6056,Trade Surplus,Low Import Dependency,Moderate Export Dependency,Negative Growth,Negative Growth,Negative Growth,24.7,Low Trade Pressure,32.9,24.7,54.1,48.7,679.76,462.24,217.52,32.0,543.81,40.0,Maintain Current Trade,World Bank (NY.GDP.MKTP.CD) via datasets/gdp mirror,2023.0,World Bank (SP.POP.TOTL) via datasets/population mirror,2024.0,"World Bank Data Help Desk - Country and Lending Groups (FY2027, based on 2025 GNI); Continent field from mledoze/countries reference dataset",2026,"Derived: haversine great-circle distance between country centroid coordinates (mledoze/countries reference dataset) and India centroid. Approximate straight-line distance, NOT actual trade/shipping route distance.",Exact calendar year not recoverable from source file; periods kept as relative labels Y1 (current) and Y0 (previous),Valid,13595.28,8233.64,21828.92,5361.63,6870.36,3054.54,9924.9,3815.82
164,RUSSIA,RUS,28389.18,420489.28,448878.46,-392100.11,34417.77,457701.76,492119.53,-423283.99,6.324469211554503,93.6755307884455,-87.35106380466551,21.235520011497325,8.849804684675904,9.63313543715152,448878.46,0.0,Valid,-392100.1,-0.01,Valid,492119.53,0.0,Valid,-423283.99,0.0,Valid,Europe,Europe and Central Asia,High income,2021421.48,-10.79,14083.24,143.534,No,4806.0,14.8116,Trade Deficit,High Import Dependency,Low Export Dependency,High Growth,Moderate Growth,Moderate Growth,54.6,Moderate Trade Pressure,77.4,54.6,61.4,55.3,1419.46,965.23,454.23,32.0,1135.57,40.0,Increase Exports,World Bank (NY.GDP.MKTP.CD) via datasets/gdp mirror,2023.0,World Bank (SP.POP.TOTL) via datasets/population mirror,2024.0,"World Bank Data Help Desk - Country and Lending Groups (FY2027, based on 2025 GNI); Continent field from mledoze/countries reference dataset",2026,"Derived: haversine great-circle distance between country centroid coordinates (mledoze/countries reference dataset) and India centroid. Approximate straight-line distance, NOT actual trade/shipping route distance.",Exact calendar year not recoverable from source file; periods kept as relative labels Y1 (current) and Y0 (previous),Valid,28389.18,420489.28,448878.46,-392100.11,34417.77,457701.76,492119.53,-423283.99
165,RWANDA,RWA,931.84,74.66,1006.5,857.17,687.54,102.48,790.02,585.05,92.58221559860904,7.417784401390959,85.16343765524093,-26.21694711538462,37.262255558532026,-21.508196721311474,1006.5,0.0,Valid,857.1800000000001,-0.01,Valid,790.02,0.0,Valid,585.06,-0.01,Valid,Africa,Sub-Saharan Africa,Low income,14097.77,5.87,988.86,14.257,No,5677.0,0.0801,Trade Surplus,Low Import Dependency,High Export Dependency,Negative Growth,High Growth,Negative Growth,27.4,Low Trade Pressure,32.0,27.4,52.3,47.1,46.59,31.68,14.91,32.0,37.27,40.01,Maintain Current Trade,World Bank (NY.GDP.MKTP.CD) via datasets/gdp mirror,2023.0,World Bank (SP.POP.TOTL) via datasets/population mirror,2024.0,"World Bank Data Help Desk - Country and Lending Groups (FY2027, based on 2025 GNI); Continent field from mledoze/countries reference dataset",2026,"Derived: haversine great-circle distance between country centroid coordinates (mledoze/countries reference dataset) and India centroid. Approximate straight-line distance, NOT actual trade/shipping route distance.",Exact calendar year not recoverable from source file; periods kept as relative labels Y1 (current) and Y0 (previous),Valid,931.84,74.66,1006.5,857.17,687.54,102.48,790.02,585.05
166,SAMOA,WSM,14.08,159.62,173.71,-145.54,13.07,26.59,39.66,-13.52,8.105463128202176,91.8887801508261,-83.7833170226239,-7.173295454545453,-83.34168650545044,-77.16884462610098,173.70000000000002,0.01,Valid,-145.54,0.0,Valid,39.66,0.0,Valid,-13.52,0.0,Valid,Oceania,East Asia and Pacific,Upper-middle income,934.1,12.14,4284.49,0.218,No,12648.0,11.3366,Trade Deficit,High Import Dependency,Low Export Dependency,Negative Growth,Negative Growth,Negative Growth,24.6,Low Trade Pressure,30.3,24.6,52.8,47.5,0.7,0.47,0.23,32.86,0.56,41.07,Reduce Import Dependency,World Bank (NY.GDP.MKTP.CD) via datasets/gdp mirror,2023.0,World Bank (SP.POP.TOTL) via datasets/population mirror,2024.0,"World Bank Data Help Desk - Country and Lending Groups (FY2027, based on 2025 GNI); Continent field from mledoze/countries reference dataset",2026,"Derived: haversine great-circle distance between country centroid coordinates (mledoze/countries reference dataset) and India centroid. Approximate straight-line distance, NOT actual trade/shipping route distance.",Exact calendar year not recoverable from source file; periods kept as relative labels Y1 (current) and Y0 (previous),Valid,14.08,159.62,173.71,-145.54,13.07,26.59,39.66,-13.52
167,SAN MARINO,SMR,3.69,0.48,4.17,3.21,27.12,0.96,28.08,26.16,88.48920863309353,11.510791366906474,76.97841726618705,634.959349593496,100.0,573.3812949640287,4.17,0.0,Valid,3.21,0.0,Valid,28.08,-0.0,Valid,26.16,0.0,Valid,Europe,Europe and Central Asia,High income,,,,0.034,No,6465.0,0.1301,Trade Surplus,Low Import Dependency,High Export Dependency,High Growth,High Growth,High Growth,11.5,Low Trade Pressure,62.6,11.5,75.6,68.0,0.18,0.13,0.05,27.78,0.14,35.71,Diversify Product,,,World Bank (SP.POP.TOTL) via datasets/population mirror,2024.0,"World Bank Data Help Desk - Country and Lending Groups (FY2027, based on 2025 GNI); Continent field from mledoze/countries reference dataset",2026,"Derived: haversine great-circle distance between country centroid coordinates (mledoze/countries reference dataset) and India centroid. Approximate straight-line distance, NOT actual trade/shipping route distance.",Exact calendar year not recoverable from source file; periods kept as relative labels Y1 (current) and Y0 (previous),Valid,3.69,0.48,4.17,3.21,27.12,0.96,28.08,26.16
168,SAO TOME,STP,12.44,0.18,12.63,12.26,,,0.0,0.0,98.49564528899444,1.4251781472684084,97.07046714172604,,,-100.0,12.62,0.01,Valid,12.26,0.0,Valid,,,Missing,,,Missing,Africa,Sub-Saharan Africa,Lower-middle income,603.24,11.16,2561.14,0.236,No,7883.0,0.0145,Trade Surplus,Low Import Dependency,High Export Dependency,Missing,Missing,Negative Growth,26.5,Low Trade Pressure,34.2,26.5,53.8,48.4,0.62,0.42,0.2,32.26,0.5,40.0,Maintain Current Trade,World Bank (NY.GDP.MKTP.CD) via datasets/gdp mirror,2023.0,World Bank (SP.POP.TOTL) via datasets/population mirror,2024.0,"World Bank Data Help Desk - Country and Lending Groups (FY2027, based on 2025 GNI); Continent field from mledoze/countries reference dataset",2026,"Derived: haversine great-circle distance between country centroid coordinates (mledoze/countries reference dataset) and India centroid. Approximate straight-line distance, NOT actual trade/shipping route distance.",Exact calendar year not recoverable from source file; periods kept as relative labels Y1 (current) and Y0 (previous),Valid,12.44,0.18,12.63,12.26,,,0.0,0.0
169,SAUDI ARAB,SAU,75349.64,211348.98,286698.61,-135999.34,81871.84,207459.77,289331.61,-125587.92,26.28182954915617,73.71817393882726,-47.43634438967109,8.655913949953838,-1.840183946002493,0.9183860361234398,286698.62,-0.01,Valid,-135999.34000000003,0.0,Valid,289331.61,0.0,Valid,-125587.93,0.01,Valid,Asia,"Middle East, North Africa, Afghanistan and Pakistan",High income,1067582.93,-3.7,30242.9,35.3,No,3326.0,2.8049,Trade Deficit,High Import Dependency,Low Export Dependency,Moderate Growth,Negative Growth,Moderate Growth,53.8,Moderate Trade Pressure,74.1,53.8,60.2,54.2,3767.48,2561.88,1205.6,32.0,3013.98,40.0,Increase Exports,World Bank (NY.GDP.MKTP.CD) via datasets/gdp mirror,2023.0,World Bank (SP.POP.TOTL) via datasets/population mirror,2024.0,"World Bank Data Help Desk - Country and Lending Groups (FY2027, based on 2025 GNI); Continent field from mledoze/countries reference dataset",2026,"Derived: haversine great-circle distance between country centroid coordinates (mledoze/countries reference dataset) and India centroid. Approximate straight-line distance, NOT actual trade/shipping route distance.",Exact calendar year not recoverable from source file; periods kept as relative labels Y1 (current) and Y0 (previous),Valid,75349.64,211348.98,286698.61,-135999.34,81871.84,207459.77,289331.61,-125587.92
170,SENEGAL,SEN,6461.98,4614.32,11076.3,1847.66,7036.19,5493.86,12530.05,1542.32,58.3406011032565,41.6593988967435,16.681202206513007,8.885976124964795,19.06109675965256,13.12487021839423,11076.3,0.0,Valid,1847.66,0.0,Valid,12530.05,0.0,Valid,1542.33,-0.01,Valid,Africa,Sub-Saharan Africa,Lower-middle income,31013.99,12.29,1676.25,18.502,No,9581.0,0.7141,Trade Surplus,Low Import Dependency,Moderate Export Dependency,Moderate Growth,High Growth,High Growth,25.3,Low Trade Pressure,63.7,25.3,69.2,62.3,323.1,219.71,103.39,32.0,258.48,40.0,Diversify Product,World Bank (NY.GDP.MKTP.CD) via datasets/gdp mirror,2023.0,World Bank (SP.POP.TOTL) via datasets/population mirror,2024.0,"World Bank Data Help Desk - Country and Lending Groups (FY2027, based on 2025 GNI); Continent field from mledoze/countries reference dataset",2026,"Derived: haversine great-circle distance between country centroid coordinates (mledoze/countries reference dataset) and India centroid. Approximate straight-line distance, NOT actual trade/shipping route distance.",Exact calendar year not recoverable from source file; periods kept as relative labels Y1 (current) and Y0 (previous),Valid,6461.98,4614.32,11076.3,1847.66,7036.19,5493.86,12530.05,1542.32
171,SERBIA,SRB,703.94,130.32,834.26,573.62,658.25,178.02,836.27,480.22,84.3789705847098,15.621029415290195,68.75794116941961,-6.49060999517005,36.602209944751394,0.2409320835231211,834.26,0.0,Valid,573.6200000000001,-0.0,Valid,836.27,0.0,Valid,480.23,-0.01,Valid,Europe,Europe and Central Asia,Upper-middle income,75187.13,18.29,11415.38,6.586,No,5783.0,0.1851,Trade Surplus,Low Import Dependency,High Export Dependency,Negative Growth,High Growth,Moderate Growth,26.6,Low Trade Pressure,42.3,26.6,57.8,52.0,35.2,23.94,11.26,31.99,28.16,39.99,Diversify Product,World Bank (NY.GDP.MKTP.CD) via datasets/gdp mirror,2023.0,World Bank (SP.POP.TOTL) via datasets/population mirror,2024.0,"World Bank Data Help Desk - Country and Lending Groups (FY2027, based on 2025 GNI); Continent field from mledoze/countries reference dataset",2026,"Derived: haversine great-circle distance between country centroid coordinates (mledoze/countries reference dataset) and India centroid. Approximate straight-line distance, NOT actual trade/shipping route distance.",Exact calendar year not recoverable from source file; periods kept as relative labels Y1 (current) and Y0 (previous),Valid,703.94,130.32,834.26,573.62,658.25,178.02,836.27,480.22
172,SEYCHELLES,SYC,517.21,62.49,579.7,454.73,1568.24,1293.4,2861.65,274.84,89.22028635501121,10.779713644988789,78.44229774021045,203.2114614953307,1969.771163386142,393.6432637571157,579.7,0.0,Valid,454.72,0.01,Valid,2861.6400000000003,0.01,Valid,274.8399999999999,0.0,Valid,Africa,Sub-Saharan Africa,High income,2141.45,4.06,17646.31,0.121,No,3593.0,0.1208,Trade Surplus,Low Import Dependency,High Export Dependency,High Growth,High Growth,High Growth,34.6,Low Trade Pressure,74.4,34.6,69.9,62.9,25.86,17.58,8.28,32.02,20.69,40.02,Increase Exports,World Bank (NY.GDP.MKTP.CD) via datasets/gdp mirror,2023.0,World Bank (SP.POP.TOTL) via datasets/population mirror,2024.0,"World Bank Data Help Desk - Country and Lending Groups (FY2027, based on 2025 GNI); Continent field from mledoze/countries reference dataset",2026,"Derived: haversine great-circle distance between country centroid coordinates (mledoze/countries reference dataset) and India centroid. Approximate straight-line distance, NOT actual trade/shipping route distance.",Exact calendar year not recoverable from source file; periods kept as relative labels Y1 (current) and Y0 (previous),Valid,517.21,62.49,579.7,454.73,1568.24,1293.4,2861.65,274.84
173,SIERRA LEONE,SLE,1843.1,205.64,2048.74,1637.46,2754.41,157.2,2911.61,2597.21,89.96261116588732,10.037388834112674,79.92522233177466,49.44441430199121,-23.555728457498542,42.1171061237639,2048.74,0.0,Valid,1637.46,0.0,Valid,2911.61,0.0,Valid,2597.21,0.0,Valid,Africa,Sub-Saharan Africa,Low income,3809.83,-6.95,440.85,8.642,No,9530.0,0.1116,Trade Surplus,Low Import Dependency,High Export Dependency,High Growth,Negative Growth,High Growth,22.5,Low Trade Pressure,81.0,22.5,79.2,71.3,92.16,62.67,29.49,32.0,73.73,40.0,Increase Exports,World Bank (NY.GDP.MKTP.CD) via datasets/gdp mirror,2023.0,World Bank (SP.POP.TOTL) via datasets/population mirror,2024.0,"World Bank Data Help Desk - Country and Lending Groups (FY2027, based on 2025 GNI); Continent field from mledoze/countries reference dataset",2026,"Derived: haversine great-circle distance between country centroid coordinates (mledoze/countries reference dataset) and India centroid. Approximate straight-line distance, NOT actual trade/shipping route distance.",Exact calendar year not recoverable from source file; periods kept as relative labels Y1 (current) and Y0 (previous),Valid,1843.1,205.64,2048.74,1637.46,2754.41,157.2,2911.61,2597.21
174,SINGAPORE,SGP,90789.86,148333.28,239123.15,-57543.42,95317.87,149978.96,245296.83,-54661.09,37.967825365298175,62.032170452756255,-24.064345087458072,4.98735211178869,1.1094475899137357,2.581799378270148,239123.14,0.01,Valid,-57543.42,0.0,Valid,245296.83,0.0,Valid,-54661.09,0.0,Valid,Asia,East Asia and Pacific,High income,501427.5,0.59,83060.98,6.037,Yes - In force,3575.0,1.6338,Trade Deficit,Moderate Import Dependency,Low Export Dependency,Moderate Growth,Moderate Growth,Moderate Growth,38.9,Low Trade Pressure,72.3,38.9,66.7,70.0,4539.49,3086.85,1452.64,32.0,3631.59,40.0,Increase Exports,World Bank (NY.GDP.MKTP.CD) via datasets/gdp mirror,2023.0,World Bank (SP.POP.TOTL) via datasets/population mirror,2024.0,"World Bank Data Help Desk - Country and Lending Groups (FY2027, based on 2025 GNI); Continent field from mledoze/countries reference dataset",2026,"Derived: haversine great-circle distance between country centroid coordinates (mledoze/countries reference dataset) and India centroid. Approximate straight-line distance, NOT actual trade/shipping route distance.",Exact calendar year not recoverable from source file; periods kept as relative labels Y1 (current) and Y0 (previous),Valid,90789.86,148333.28,239123.15,-57543.42,95317.87,149978.96,245296.83,-54661.09
175,SINT MAARTEN (DUTCH PART),SXM,2.9,0.01,2.91,2.89,,,0.0,0.0,99.65635738831614,0.3436426116838488,99.3127147766323,,,-100.0,2.91,0.0,Valid,2.89,0.0,Valid,,,Missing,,,Missing,Americas,Latin America and the Caribbean,High income,1623.17,5.6,37443.27,0.043,No,13942.0,0.0034,Trade Surplus,Low Import Dependency,High Export Dependency,Missing,Missing,Negative Growth,26.5,Low Trade Pressure,32.2,26.5,52.8,47.5,0.14,0.1,0.04,28.57,0.11,36.36,Maintain Current Trade,World Bank (NY.GDP.MKTP.CD) via datasets/gdp mirror,2023.0,World Bank (SP.POP.TOTL) via datasets/population mirror,2024.0,"World Bank Data Help Desk - Country and Lending Groups (FY2027, based on 2025 GNI); Continent field from mledoze/countries reference dataset",2026,"Derived: haversine great-circle distance between country centroid coordinates (mledoze/countries reference dataset) and India centroid. Approximate straight-line distance, NOT actual trade/shipping route distance.",Exact calendar year not recoverable from source file; periods kept as relative labels Y1 (current) and Y0 (previous),Valid,2.9,0.01,2.91,2.89,,,0.0,0.0
176,SLOVAK REP,SVK,1261.16,440.55,1701.7,820.61,2599.37,507.08,3106.46,2092.29,74.11177058235882,25.888817065287657,48.22295351707117,106.1094547876558,15.10157757348768,82.5503907856849,1701.71,-0.01,Valid,820.6100000000001,-0.0,Valid,3106.45,0.01,Valid,2092.29,0.0,Valid,Europe,Europe and Central Asia,High income,132793.62,14.89,24491.32,5.422,"Concluded (EU-India FTA, Jan 2026) - Not yet in force",5985.0,0.3493,Trade Surplus,Low Import Dependency,High Export Dependency,High Growth,High Growth,High Growth,21.4,Low Trade Pressure,79.2,21.4,78.9,71.0,63.06,42.87,20.19,32.02,50.45,40.02,Increase Exports,World Bank (NY.GDP.MKTP.CD) via datasets/gdp mirror,2023.0,World Bank (SP.POP.TOTL) via datasets/population mirror,2024.0,"World Bank Data Help Desk - Country and Lending Groups (FY2027, based on 2025 GNI); Continent field from mledoze/countries reference dataset",2026,"Derived: haversine great-circle distance between country centroid coordinates (mledoze/countries reference dataset) and India centroid. Approximate straight-line distance, NOT actual trade/shipping route distance.",Exact calendar year not recoverable from source file; periods kept as relative labels Y1 (current) and Y0 (previous),Valid,1261.16,440.55,1701.7,820.61,2599.37,507.08,3106.46,2092.29
177,SLOVENIA,SVN,3891.64,2144.55,6036.19,1747.08,3920.57,1826.61,5747.18,2093.96,64.47179429408287,35.528205705917145,28.94342292074968,0.7433883915264591,-14.82548786458699,-4.787953990845208,6036.1900000000005,-0.0,Valid,1747.0899999999997,-0.01,Valid,5747.18,0.0,Valid,2093.96,0.0,Valid,Europe,Europe and Central Asia,High income,68216.78,13.57,32065.8,2.127,"Concluded (EU-India FTA, Jan 2026) - Not yet in force",6294.0,0.5511,Trade Surplus,Low Import Dependency,Moderate Export Dependency,Moderate Growth,Negative Growth,Negative Growth,24.7,Low Trade Pressure,55.3,24.7,65.3,58.8,194.58,132.31,62.27,32.0,155.66,40.0,Diversify Product,World Bank (NY.GDP.MKTP.CD) via datasets/gdp mirror,2023.0,World Bank (SP.POP.TOTL) via datasets/population mirror,2024.0,"World Bank Data Help Desk - Country and Lending Groups (FY2027, based on 2025 GNI); Continent field from mledoze/countries reference dataset",2026,"Derived: haversine great-circle distance between country centroid coordinates (mledoze/countries reference dataset) and India centroid. Approximate straight-line distance, NOT actual trade/shipping route distance.",Exact calendar year not recoverable from source file; periods kept as relative labels Y1 (current) and Y0 (previous),Valid,3891.64,2144.55,6036.19,1747.08,3920.57,1826.61,5747.18,2093.96
178,SOLOMON IS,SLB,22.67,50.82,73.48,-28.15,18.31,90.17,108.48,-71.86,30.851932498639083,69.16167664670658,-38.3097441480675,-19.232465813850915,77.4301456119638,47.63200870985302,73.49000000000001,-0.01,Valid,-28.15,0.0,Valid,108.48,0.0,Valid,-71.86,0.0,Valid,Oceania,East Asia and Pacific,Lower-middle income,1631.29,4.15,1991.32,0.819,No,9485.0,2.2417,Trade Deficit,High Import Dependency,Low Export Dependency,Negative Growth,High Growth,High Growth,28.5,Low Trade Pressure,24.0,28.5,47.8,43.0,1.13,0.77,0.36,31.86,0.9,40.0,Reduce Import Dependency,World Bank (NY.GDP.MKTP.CD) via datasets/gdp mirror,2023.0,World Bank (SP.POP.TOTL) via datasets/population mirror,2024.0,"World Bank Data Help Desk - Country and Lending Groups (FY2027, based on 2025 GNI); Continent field from mledoze/countries reference dataset",2026,"Derived: haversine great-circle distance between country centroid coordinates (mledoze/countries reference dataset) and India centroid. Approximate straight-line distance, NOT actual trade/shipping route distance.",Exact calendar year not recoverable from source file; periods kept as relative labels Y1 (current) and Y0 (previous),Valid,22.67,50.82,73.48,-28.15,18.31,90.17,108.48,-71.86
179,SOMALIA,SOM,5087.76,207.5,5295.26,4880.25,5151.18,253.31,5404.49,4897.87,96.08140110211777,3.918598897882257,92.16261335609582,1.2465210623142615,22.077108433734946,2.062788229473143,5295.26,0.0,Valid,4880.26,-0.01,Valid,5404.490000000001,-0.0,Valid,4897.87,0.0,Valid,Africa,Sub-Saharan Africa,Low income,11679.8,12.1,614.43,19.009,No,3200.0,0.0408,Trade Surplus,Low Import Dependency,High Export Dependency,Moderate Growth,High Growth,Moderate Growth,24.9,Low Trade Pressure,57.3,24.9,66.2,59.6,254.39,172.98,81.41,32.0,203.51,40.0,Diversify Product,World Bank (NY.GDP.MKTP.CD) via datasets/gdp mirror,2023.0,World Bank (SP.POP.TOTL) via datasets/population mirror,2024.0,"World Bank Data Help Desk - Country and Lending Groups (FY2027, based on 2025 GNI); Continent field from mledoze/countries reference dataset",2026,"Derived: haversine great-circle distance between country centroid coordinates (mledoze/countries reference dataset) and India centroid. Approximate straight-line distance, NOT actual trade/shipping route distance.",Exact calendar year not recoverable from source file; periods kept as relative labels Y1 (current) and Y0 (previous),Valid,5087.76,207.5,5295.26,4880.25,5151.18,253.31,5404.49,4897.87
180,SOUTH AFRICA,ZAF,56375.41,66845.46,123220.87,-10470.05,54234.93,80350.76,134585.7,-26115.83,45.75151108736694,54.24848891263308,-8.496977825266125,-3.796832697092585,20.203765521248545,9.223137281858191,123220.87,-0.0,Valid,-10470.050000000005,0.0,Valid,134585.69,0.01,Valid,-26115.829999999994,-0.0,Valid,Africa,Sub-Saharan Africa,Upper-middle income,377781.6,-6.78,5902.17,64.007,No,7873.0,1.1857,Trade Deficit,Moderate Import Dependency,Low Export Dependency,Negative Growth,High Growth,Moderate Growth,28.7,Low Trade Pressure,65.7,28.7,68.5,61.6,2818.77,1916.76,902.01,32.0,2255.02,40.0,Increase Exports,World Bank (NY.GDP.MKTP.CD) via datasets/gdp mirror,2023.0,World Bank (SP.POP.TOTL) via datasets/population mirror,2024.0,"World Bank Data Help Desk - Country and Lending Groups (FY2027, based on 2025 GNI); Continent field from mledoze/countries reference dataset",2026,"Derived: haversine great-circle distance between country centroid coordinates (mledoze/countries reference dataset) and India centroid. Approximate straight-line distance, NOT actual trade/shipping route distance.",Exact calendar year not recoverable from source file; periods kept as relative labels Y1 (current) and Y0 (previous),Valid,56375.41,66845.46,123220.87,-10470.05,54234.93,80350.76,134585.7,-26115.83
181,SOUTH SUDAN,SSD,287.14,1.33,288.47,285.82,156.02,1.16,157.19,154.86,99.53894685755884,0.461053142441155,99.08136028009844,-45.66413596155185,-12.781954887218056,-45.50906506742469,288.47,0.0,Valid,285.81,0.01,Valid,157.18,0.01,Valid,154.86,0.0,Valid,Africa,Sub-Saharan Africa,Low income,,,,11.943,No,5263.0,0.0046,Trade Surplus,Low Import Dependency,High Export Dependency,Negative Growth,Negative Growth,Negative Growth,27.0,Low Trade Pressure,14.0,27.0,43.5,39.2,14.36,9.76,4.6,32.03,11.49,40.03,Maintain Current Trade,,,World Bank (SP.POP.TOTL) via datasets/population mirror,2024.0,"World Bank Data Help Desk - Country and Lending Groups (FY2027, based on 2025 GNI); Continent field from mledoze/countries reference dataset",2026,"Derived: haversine great-circle distance between country centroid coordinates (mledoze/countries reference dataset) and India centroid. Approximate straight-line distance, NOT actual trade/shipping route distance.",Exact calendar year not recoverable from source file; periods kept as relative labels Y1 (current) and Y0 (previous),Valid,287.14,1.33,288.47,285.82,156.02,1.16,157.19,154.86
182,SPAIN,ESP,31514.43,17744.24,49258.67,13770.19,32831.71,15244.26,48075.97,17587.44,63.97742772998134,36.022572270018664,27.954855459962687,4.179926465431864,-14.088966334990968,-2.400998646532676,49258.67,0.0,Valid,13770.19,0.0,Valid,48075.97,0.0,Valid,17587.449999999997,-0.01,Valid,Europe,Europe and Central Asia,High income,1580694.71,11.49,32358.9,48.849,"Concluded (EU-India FTA, Jan 2026) - Not yet in force",7848.0,0.5631,Trade Surplus,Low Import Dependency,Moderate Export Dependency,Moderate Growth,Negative Growth,Negative Growth,21.8,Low Trade Pressure,67.7,21.8,73.0,65.7,1575.72,1071.49,504.23,32.0,1260.58,40.0,Increase Exports,World Bank (NY.GDP.MKTP.CD) via datasets/gdp mirror,2023.0,World Bank (SP.POP.TOTL) via datasets/population mirror,2024.0,"World Bank Data Help Desk - Country and Lending Groups (FY2027, based on 2025 GNI); Continent field from mledoze/countries reference dataset",2026,"Derived: haversine great-circle distance between country centroid coordinates (mledoze/countries reference dataset) and India centroid. Approximate straight-line distance, NOT actual trade/shipping route distance.",Exact calendar year not recoverable from source file; periods kept as relative labels Y1 (current) and Y0 (previous),Valid,31514.43,17744.24,49258.67,13770.19,32831.71,15244.26,48075.97,17587.44
183,SRI LANKA DSR,LKA,24509.57,10151.8,34661.37,14357.78,32301.92,8773.54,41075.46,23528.37,70.7114865915571,29.288513408442885,41.423002033676106,31.79309143326463,-13.57650859946018,18.505010044323107,34661.369999999995,0.0,Valid,14357.77,0.01,Valid,41075.46,0.0,Valid,23528.38,-0.01,Valid,Asia,South Asia,Upper-middle income,84356.86,13.77,3849.1,21.916,Partial/Preferential (SAFTA/SAPTA/MERCOSUR PTA/APTA),1509.0,0.4142,Trade Surplus,Low Import Dependency,High Export Dependency,High Growth,Negative Growth,High Growth,20.5,Low Trade Pressure,83.0,20.5,81.2,73.1,1225.48,833.32,392.16,32.0,980.38,40.0,Increase Exports,World Bank (NY.GDP.MKTP.CD) via datasets/gdp mirror,2023.0,World Bank (SP.POP.TOTL) via datasets/population mirror,2024.0,"World Bank Data Help Desk - Country and Lending Groups (FY2027, based on 2025 GNI); Continent field from mledoze/countries reference dataset",2026,"Derived: haversine great-circle distance between country centroid coordinates (mledoze/countries reference dataset) and India centroid. Approximate straight-line distance, NOT actual trade/shipping route distance.",Exact calendar year not recoverable from source file; periods kept as relative labels Y1 (current) and Y0 (previous),Valid,24509.57,10151.8,34661.37,14357.78,32301.92,8773.54,41075.46,23528.37
184,ST HELENA,SHN,0.0,0.44,0.44,-0.43,1.07,0.14,1.2,0.93,0.0,100.0,-97.72727272727272,,-68.18181818181817,172.72727272727272,0.44,0.0,Valid,-0.44,0.01,Valid,1.21,-0.01,Valid,0.93,0.0,Valid,Africa,,,,,,,No,9877.0,,Trade Deficit,High Import Dependency,Low Export Dependency,Missing,Negative Growth,High Growth,42.2,Moderate Trade Pressure,30.2,42.2,44.0,39.6,0.0,0.0,0.0,,0.0,,Reduce Import Dependency,,,,,"World Bank Data Help Desk - Country and Lending Groups (FY2027, based on 2025 GNI); Continent field from mledoze/countries reference dataset",2026,"Derived: haversine great-circle distance between country centroid coordinates (mledoze/countries reference dataset) and India centroid. Approximate straight-line distance, NOT actual trade/shipping route distance.",Exact calendar year not recoverable from source file; periods kept as relative labels Y1 (current) and Y0 (previous),Undefined_ZeroExports,0.0,0.44,0.44,-0.43,1.07,0.14,1.2,0.93
185,ST KITT N A,KNA,31.44,0.54,31.98,30.9,,,0.0,0.0,98.31144465290808,1.6885553470919326,96.62288930581612,,,-100.0,31.98,0.0,Valid,30.9,-0.0,Valid,,,Missing,,,Missing,Americas,Latin America and the Caribbean,High income,1077.03,9.74,22992.4,0.047,No,13971.0,0.0172,Trade Surplus,Low Import Dependency,High Export Dependency,Missing,Missing,Negative Growth,26.5,Low Trade Pressure,35.9,26.5,54.7,49.2,1.57,1.06,0.51,32.48,1.26,40.48,Maintain Current Trade,World Bank (NY.GDP.MKTP.CD) via datasets/gdp mirror,2023.0,World Bank (SP.POP.TOTL) via datasets/population mirror,2024.0,"World Bank Data Help Desk - Country and Lending Groups (FY2027, based on 2025 GNI); Continent field from mledoze/countries reference dataset",2026,"Derived: haversine great-circle distance between country centroid coordinates (mledoze/countries reference dataset) and India centroid. Approximate straight-line distance, NOT actual trade/shipping route distance.",Exact calendar year not recoverable from source file; periods kept as relative labels Y1 (current) and Y0 (previous),Valid,31.44,0.54,31.98,30.9,,,0.0,0.0
186,ST LUCIA,LCA,50.55,8.25,58.81,42.3,74.36,9.87,84.23,64.49,85.95476959700731,14.028226492093182,71.92654310491412,47.10187932739862,19.636363636363622,43.22394150654651,58.8,0.01,Valid,42.3,0.0,Valid,84.23,0.0,Valid,64.49,0.0,Valid,Americas,Latin America and the Caribbean,Upper-middle income,2519.93,7.52,14019.53,0.18,No,14072.0,0.1632,Trade Surplus,Low Import Dependency,High Export Dependency,High Growth,High Growth,High Growth,24.1,Low Trade Pressure,65.8,24.1,70.8,63.7,2.53,1.72,0.81,32.02,2.02,40.1,Increase Exports,World Bank (NY.GDP.MKTP.CD) via datasets/gdp mirror,2023.0,World Bank (SP.POP.TOTL) via datasets/population mirror,2024.0,"World Bank Data Help Desk - Country and Lending Groups (FY2027, based on 2025 GNI); Continent field from mledoze/countries reference dataset",2026,"Derived: haversine great-circle distance between country centroid coordinates (mledoze/countries reference dataset) and India centroid. Approximate straight-line distance, NOT actual trade/shipping route distance.",Exact calendar year not recoverable from source file; periods kept as relative labels Y1 (current) and Y0 (previous),Valid,50.55,8.25,58.81,42.3,74.36,9.87,84.23,64.49
187,ST VINCENT,VCT,13.83,0.8,14.64,13.03,24.58,1.24,25.83,23.34,94.4672131147541,5.46448087431694,89.00273224043715,77.72957339117859,54.99999999999999,76.43442622950818,14.63,0.01,Valid,13.03,0.0,Valid,25.82,0.01,Valid,23.34,0.0,Valid,Americas,Latin America and the Caribbean,Upper-middle income,1065.96,10.29,10594.37,0.101,No,14135.0,0.0578,Trade Surplus,Low Import Dependency,High Export Dependency,High Growth,High Growth,High Growth,23.7,Low Trade Pressure,64.4,23.7,70.4,63.4,0.69,0.47,0.22,31.88,0.55,40.0,Diversify Product,World Bank (NY.GDP.MKTP.CD) via datasets/gdp mirror,2023.0,World Bank (SP.POP.TOTL) via datasets/population mirror,2024.0,"World Bank Data Help Desk - Country and Lending Groups (FY2027, based on 2025 GNI); Continent field from mledoze/countries reference dataset",2026,"Derived: haversine great-circle distance between country centroid coordinates (mledoze/countries reference dataset) and India centroid. Approximate straight-line distance, NOT actual trade/shipping route distance.",Exact calendar year not recoverable from source file; periods kept as relative labels Y1 (current) and Y0 (previous),Valid,13.83,0.8,14.64,13.03,24.58,1.24,25.83,23.34
188,STATE OF PALEST,PSE,5.23,0.53,5.76,4.71,0.18,0.35,0.54,-0.17,90.79861111111111,9.20138888888889,81.77083333333334,-96.5583173996176,-33.962264150943405,-90.625,5.760000000000001,-0.0,Valid,4.7,0.01,Valid,0.53,0.01,Valid,-0.1699999999999999,-0.0,Valid,Asia,"Middle East, North Africa, Afghanistan and Pakistan",Lower-middle income,17396.3,-9.23,3289.05,5.289,No,4354.0,0.1013,Trade Surplus,Low Import Dependency,High Export Dependency,Negative Growth,Negative Growth,Negative Growth,28.1,Low Trade Pressure,3.1,28.1,37.5,33.8,0.26,0.18,0.08,30.77,0.21,38.1,Maintain Current Trade,World Bank (NY.GDP.MKTP.CD) via datasets/gdp mirror,2023.0,World Bank (SP.POP.TOTL) via datasets/population mirror,2024.0,"World Bank Data Help Desk - Country and Lending Groups (FY2027, based on 2025 GNI); Continent field from mledoze/countries reference dataset",2026,"Derived: haversine great-circle distance between country centroid coordinates (mledoze/countries reference dataset) and India centroid. Approximate straight-line distance, NOT actual trade/shipping route distance.",Exact calendar year not recoverable from source file; periods kept as relative labels Y1 (current) and Y0 (previous),Valid,5.23,0.53,5.76,4.71,0.18,0.35,0.54,-0.17
189,SUDAN,SDN,5784.04,2540.65,8324.69,3243.39,4041.97,3238.34,7280.32,803.63,69.48054522150375,30.519454778496257,38.961090443007485,-30.11856764476041,27.46108279377325,-12.54545214296269,8324.69,0.0,Valid,3243.39,0.0,Valid,7280.309999999999,0.01,Valid,803.6299999999997,0.0,Valid,Africa,Sub-Saharan Africa,Low income,109327.02,111.6,2167.08,50.449,No,5000.0,0.4393,Trade Surplus,Low Import Dependency,High Export Dependency,Negative Growth,High Growth,Negative Growth,26.7,Low Trade Pressure,39.8,26.7,56.6,50.9,289.2,196.66,92.54,32.0,231.36,40.0,Maintain Current Trade,World Bank (NY.GDP.MKTP.CD) via datasets/gdp mirror,2023.0,World Bank (SP.POP.TOTL) via datasets/population mirror,2024.0,"World Bank Data Help Desk - Country and Lending Groups (FY2027, based on 2025 GNI); Continent field from mledoze/countries reference dataset",2026,"Derived: haversine great-circle distance between country centroid coordinates (mledoze/countries reference dataset) and India centroid. Approximate straight-line distance, NOT actual trade/shipping route distance.",Exact calendar year not recoverable from source file; periods kept as relative labels Y1 (current) and Y0 (previous),Valid,5784.04,2540.65,8324.69,3243.39,4041.97,3238.34,7280.32,803.63
190,SURINAME,SUR,200.77,143.93,344.7,56.83,189.45,245.97,435.42,-56.51,58.244850594720056,41.75514940527996,16.486800116042936,-5.6382925735916825,70.89557423747654,26.31853785900784,344.70000000000005,-0.0,Valid,56.84,-0.01,Valid,435.42,0.0,Valid,-56.52000000000001,0.01,Valid,Americas,Latin America and the Caribbean,Upper-middle income,3782.44,4.46,5961.94,0.634,No,14231.0,0.7169,Trade Surplus,Low Import Dependency,Moderate Export Dependency,Negative Growth,High Growth,High Growth,27.6,Low Trade Pressure,36.9,27.6,54.6,49.1,10.04,6.82,3.22,32.07,8.03,40.1,Maintain Current Trade,World Bank (NY.GDP.MKTP.CD) via datasets/gdp mirror,2023.0,World Bank (SP.POP.TOTL) via datasets/population mirror,2024.0,"World Bank Data Help Desk - Country and Lending Groups (FY2027, based on 2025 GNI); Continent field from mledoze/countries reference dataset",2026,"Derived: haversine great-circle distance between country centroid coordinates (mledoze/countries reference dataset) and India centroid. Approximate straight-line distance, NOT actual trade/shipping route distance.",Exact calendar year not recoverable from source file; periods kept as relative labels Y1 (current) and Y0 (previous),Valid,200.77,143.93,344.7,56.83,189.45,245.97,435.42,-56.51
191,SWAZILAND,SWZ,198.27,100.57,298.84,97.7,144.62,112.63,257.25,31.99,66.34653995449071,33.653460045509306,32.6930799089814,-27.059060876582443,11.991647608630808,-13.917146299022882,298.84000000000003,-0.0,Valid,97.70000000000002,-0.0,Valid,257.25,0.0,Valid,31.99000000000001,-0.0,Valid,Africa,Sub-Saharan Africa,Lower-middle income,4597.86,-4.03,3699.53,1.243,No,7127.0,0.5072,Trade Surplus,Low Import Dependency,High Export Dependency,Negative Growth,High Growth,Negative Growth,27.0,Low Trade Pressure,23.9,27.0,48.4,43.6,9.91,6.74,3.17,31.99,7.93,39.97,Maintain Current Trade,World Bank (NY.GDP.MKTP.CD) via datasets/gdp mirror,2023.0,World Bank (SP.POP.TOTL) via datasets/population mirror,2024.0,"World Bank Data Help Desk - Country and Lending Groups (FY2027, based on 2025 GNI); Continent field from mledoze/countries reference dataset",2026,"Derived: haversine great-circle distance between country centroid coordinates (mledoze/countries reference dataset) and India centroid. Approximate straight-line distance, NOT actual trade/shipping route distance.",Exact calendar year not recoverable from source file; periods kept as relative labels Y1 (current) and Y0 (previous),Valid,198.27,100.57,298.84,97.7,144.62,112.63,257.25,31.99
192,SWEDEN,SWE,6696.86,11811.58,18508.44,-5114.71,8710.54,14838.97,23549.51,-6128.44,36.18273609229087,63.81726390770913,-27.634473786013302,30.06901742010437,25.630694623411937,27.23660124786313,18508.44,0.0,Valid,-5114.72,0.01,Valid,23549.51,-0.0,Valid,-6128.429999999999,-0.01,Valid,Europe,Europe and Central Asia,High income,593267.7,0.48,56129.05,10.57,"Concluded (EU-India FTA, Jan 2026) - Not yet in force",6605.0,1.7637,Trade Deficit,Moderate Import Dependency,Low Export Dependency,High Growth,High Growth,High Growth,26.3,Low Trade Pressure,76.8,26.3,75.2,67.7,334.84,227.69,107.15,32.0,267.87,40.0,Increase Exports,World Bank (NY.GDP.MKTP.CD) via datasets/gdp mirror,2023.0,World Bank (SP.POP.TOTL) via datasets/population mirror,2024.0,"World Bank Data Help Desk - Country and Lending Groups (FY2027, based on 2025 GNI); Continent field from mledoze/countries reference dataset",2026,"Derived: haversine great-circle distance between country centroid coordinates (mledoze/countries reference dataset) and India centroid. Approximate straight-line distance, NOT actual trade/shipping route distance.",Exact calendar year not recoverable from source file; periods kept as relative labels Y1 (current) and Y0 (previous),Valid,6696.86,11811.58,18508.44,-5114.71,8710.54,14838.97,23549.51,-6128.44
193,SWITZERLAND,CHE,9249.13,134550.0,143799.13,-125300.87,10835.77,174091.04,184926.81,-163255.27,6.431979108635774,93.56802089136424,-87.13604178272844,17.15447831309541,29.38761798587886,28.60078499779518,143799.13,0.0,Valid,-125300.87,0.0,Valid,184926.81,0.0,Valid,-163255.27000000002,0.0,Valid,Europe,Europe and Central Asia,High income,884940.4,8.13,98265.76,9.006,Yes - In force,6819.0,14.5473,Trade Deficit,High Import Dependency,Low Export Dependency,High Growth,High Growth,High Growth,55.3,Moderate Trade Pressure,71.6,55.3,58.2,62.4,462.46,314.47,147.99,32.0,369.97,40.0,Diversify Export Market,World Bank (NY.GDP.MKTP.CD) via datasets/gdp mirror,2023.0,World Bank (SP.POP.TOTL) via datasets/population mirror,2024.0,"World Bank Data Help Desk - Country and Lending Groups (FY2027, based on 2025 GNI); Continent field from mledoze/countries reference dataset",2026,"Derived: haversine great-circle distance between country centroid coordinates (mledoze/countries reference dataset) and India centroid. Approximate straight-line distance, NOT actual trade/shipping route distance.",Exact calendar year not recoverable from source file; periods kept as relative labels Y1 (current) and Y0 (previous),Valid,9249.13,134550.0,143799.13,-125300.87,10835.77,174091.04,184926.81,-163255.27
194,SYRIA,SYR,412.7,136.29,548.99,276.4,442.08,110.25,552.32,331.83,75.17441119146068,24.825588808539315,50.3470008561176,7.118972619336078,-19.106317411402152,0.606568425654391,548.99,0.0,Valid,276.41,-0.01,Valid,552.3299999999999,-0.01,Valid,331.83,0.0,Valid,Asia,"Middle East, North Africa, Afghanistan and Pakistan",Low income,,,,24.673,No,4159.0,0.3302,Trade Surplus,Low Import Dependency,High Export Dependency,Moderate Growth,Negative Growth,Moderate Growth,24.7,Low Trade Pressure,47.2,24.7,61.2,55.1,20.64,14.04,6.6,31.98,16.51,39.98,Diversify Product,,,World Bank (SP.POP.TOTL) via datasets/population mirror,2024.0,"World Bank Data Help Desk - Country and Lending Groups (FY2027, based on 2025 GNI); Continent field from mledoze/countries reference dataset",2026,"Derived: haversine great-circle distance between country centroid coordinates (mledoze/countries reference dataset) and India centroid. Approximate straight-line distance, NOT actual trade/shipping route distance.",Exact calendar year not recoverable from source file; periods kept as relative labels Y1 (current) and Y0 (previous),Valid,412.7,136.29,548.99,276.4,442.08,110.25,552.32,331.83
195,TAIWAN,TWN,12878.03,54540.3,67418.33,-41662.27,12201.69,73997.35,86199.05,-61795.66,19.10167457425896,80.89832542574105,-61.79665085148207,-5.251890234764169,35.6746295858292,27.856993787891216,67418.33,0.0,Valid,-41662.27,0.0,Valid,86199.04000000001,0.01,Valid,-61795.66,0.0,Valid,Asia,East Asia and Pacific,,,,,,No,4544.0,4.2351,Trade Deficit,High Import Dependency,Low Export Dependency,Negative Growth,High Growth,High Growth,36.7,Low Trade Pressure,58.9,36.7,61.1,55.0,643.9,437.86,206.04,32.0,515.12,40.0,Diversify Product,,,,,"World Bank Data Help Desk - Country and Lending Groups (FY2027, based on 2025 GNI); Continent field from mledoze/countries reference dataset",2026,"Derived: haversine great-circle distance between country centroid coordinates (mledoze/countries reference dataset) and India centroid. Approximate straight-line distance, NOT actual trade/shipping route distance.",Exact calendar year not recoverable from source file; periods kept as relative labels Y1 (current) and Y0 (previous),Valid,12878.03,54540.3,67418.33,-41662.27,12201.69,73997.35,86199.05,-61795.66
196,TAJIKISTAN,TJK,364.78,0.07,364.85,364.72,284.44,0.01,284.44,284.43,99.98081403316432,0.0191859668356858,99.96436891873373,-22.024233784746965,-85.71428571428571,-22.03919418939291,364.85,0.0,Valid,364.71,0.01,Valid,284.45,-0.01,Valid,284.43,0.0,Valid,Asia,Europe and Central Asia,Lower-middle income,12060.6,12.57,1138.77,10.591,No,2190.0,0.0002,Trade Surplus,Low Import Dependency,High Export Dependency,Negative Growth,Negative Growth,Negative Growth,24.1,Low Trade Pressure,29.5,24.1,52.7,47.4,18.24,12.4,5.84,32.02,14.59,40.03,Maintain Current Trade,World Bank (NY.GDP.MKTP.CD) via datasets/gdp mirror,2023.0,World Bank (SP.POP.TOTL) via datasets/population mirror,2024.0,"World Bank Data Help Desk - Country and Lending Groups (FY2027, based on 2025 GNI); Continent field from mledoze/countries reference dataset",2026,"Derived: haversine great-circle distance between country centroid coordinates (mledoze/countries reference dataset) and India centroid. Approximate straight-line distance, NOT actual trade/shipping route distance.",Exact calendar year not recoverable from source file; periods kept as relative labels Y1 (current) and Y0 (previous),Valid,364.78,0.07,364.85,364.72,284.44,0.01,284.44,284.43
197,TANZANIA REP,TZA,30139.47,22760.47,52899.94,7379.0,32595.42,27365.35,59960.77,5230.06,56.97448806180121,43.0255119381988,13.948976123602408,8.148617079198795,20.231919639620784,13.34751986486184,52899.94,0.0,Valid,7379.0,0.0,Valid,59960.77,0.0,Valid,5230.07,-0.01,Valid,Africa,Sub-Saharan Africa,Lower-middle income,79158.29,4.47,1154.58,68.56,No,5426.0,0.7552,Trade Surplus,Low Import Dependency,Moderate Export Dependency,Moderate Growth,High Growth,High Growth,24.0,Low Trade Pressure,69.7,24.0,72.8,65.5,1506.97,1024.74,482.23,32.0,1205.58,40.0,Increase Exports,World Bank (NY.GDP.MKTP.CD) via datasets/gdp mirror,2023.0,World Bank (SP.POP.TOTL) via datasets/population mirror,2024.0,"World Bank Data Help Desk - Country and Lending Groups (FY2027, based on 2025 GNI); Continent field from mledoze/countries reference dataset",2026,"Derived: haversine great-circle distance between country centroid coordinates (mledoze/countries reference dataset) and India centroid. Approximate straight-line distance, NOT actual trade/shipping route distance.",Exact calendar year not recoverable from source file; periods kept as relative labels Y1 (current) and Y0 (previous),Valid,30139.47,22760.47,52899.94,7379.0,32595.42,27365.35,59960.77,5230.06
198,THAILAND,THA,34334.77,68724.22,103058.99,-34389.45,33221.85,92859.21,126081.06,-59637.35,33.315647669359066,66.68435233064093,-33.36870466128185,-3.241378928706959,35.11860883979477,22.33873046883148,103058.99,0.0,Valid,-34389.450000000004,0.0,Valid,126081.06,0.0,Valid,-59637.36000000001,0.01,Valid,Asia,East Asia and Pacific,Upper-middle income,514944.99,3.89,7185.14,71.668,Yes - In force,2499.0,2.0016,Trade Deficit,High Import Dependency,Low Export Dependency,Negative Growth,High Growth,High Growth,34.7,Low Trade Pressure,63.6,34.7,64.4,68.0,1716.74,1167.38,549.36,32.0,1373.39,40.0,Diversify Product,World Bank (NY.GDP.MKTP.CD) via datasets/gdp mirror,2023.0,World Bank (SP.POP.TOTL) via datasets/population mirror,2024.0,"World Bank Data Help Desk - Country and Lending Groups (FY2027, based on 2025 GNI); Continent field from mledoze/countries reference dataset",2026,"Derived: haversine great-circle distance between country centroid coordinates (mledoze/countries reference dataset) and India centroid. Approximate straight-line distance, NOT actual trade/shipping route distance.",Exact calendar year not recoverable from source file; periods kept as relative labels Y1 (current) and Y0 (previous),Valid,34334.77,68724.22,103058.99,-34389.45,33221.85,92859.21,126081.06,-59637.35
199,TIMOR LESTE,TLS,333.42,0.48,333.9,332.95,,,0.0,0.0,99.85624438454629,0.1437556154537286,99.71548367774784,,,-100.0,333.90000000000003,-0.0,Valid,332.94,0.01,Valid,,,Missing,,,Missing,Asia,East Asia and Pacific,Lower-middle income,2243.14,-30.01,1601.52,1.401,No,6239.0,0.0014,Trade Surplus,Low Import Dependency,High Export Dependency,Missing,Missing,Negative Growth,26.5,Low Trade Pressure,42.5,26.5,58.0,52.2,16.67,11.34,5.33,31.97,13.34,39.96,Diversify Product,World Bank (NY.GDP.MKTP.CD) via datasets/gdp mirror,2023.0,World Bank (SP.POP.TOTL) via datasets/population mirror,2024.0,"World Bank Data Help Desk - Country and Lending Groups (FY2027, based on 2025 GNI); Continent field from mledoze/countries reference dataset",2026,"Derived: haversine great-circle distance between country centroid coordinates (mledoze/countries reference dataset) and India centroid. Approximate straight-line distance, NOT actual trade/shipping route distance.",Exact calendar year not recoverable from source file; periods kept as relative labels Y1 (current) and Y0 (previous),Valid,333.42,0.48,333.9,332.95,,,0.0,0.0
200,TOGO,TGO,21255.38,5804.45,27059.83,15450.93,15973.11,6527.08,22500.19,9446.02,78.5495696018785,21.45043039812149,57.09913920375701,-24.85144937422902,12.44958609342832,-16.85021672346058,27059.83,0.0,Valid,15450.93,0.0,Valid,22500.19,-0.0,Valid,9446.03,-0.01,Valid,Africa,Sub-Saharan Africa,Lower-middle income,9171.26,12.26,963.85,9.515,No,8230.0,0.2731,Trade Surplus,Low Import Dependency,High Export Dependency,Negative Growth,High Growth,Negative Growth,23.3,Low Trade Pressure,48.5,23.3,62.6,56.3,1062.77,722.68,340.09,32.0,850.22,40.0,Diversify Product,World Bank (NY.GDP.MKTP.CD) via datasets/gdp mirror,2023.0,World Bank (SP.POP.TOTL) via datasets/population mirror,2024.0,"World Bank Data Help Desk - Country and Lending Groups (FY2027, based on 2025 GNI); Continent field from mledoze/countries reference dataset",2026,"Derived: haversine great-circle distance between country centroid coordinates (mledoze/countries reference dataset) and India centroid. Approximate straight-line distance, NOT actual trade/shipping route distance.",Exact calendar year not recoverable from source file; periods kept as relative labels Y1 (current) and Y0 (previous),Valid,21255.38,5804.45,27059.83,15450.93,15973.11,6527.08,22500.19,9446.02
201,TOKELAU IS,TKL,,,0.0,0.0,0.46,0.28,0.74,0.18,,,,,,,,,Missing,,,Missing,0.74,0.0,Valid,0.18,0.0,Valid,Oceania,,,,,,,No,12533.0,,Missing,Missing,Missing,Missing,Missing,Missing,51.5,Moderate Trade Pressure,,51.5,,,0.0,0.0,0.0,,0.0,,Insufficient Data,,,,,"World Bank Data Help Desk - Country and Lending Groups (FY2027, based on 2025 GNI); Continent field from mledoze/countries reference dataset",2026,"Derived: haversine great-circle distance between country centroid coordinates (mledoze/countries reference dataset) and India centroid. Approximate straight-line distance, NOT actual trade/shipping route distance.",Exact calendar year not recoverable from source file; periods kept as relative labels Y1 (current) and Y0 (previous),Valid,,,0.0,0.0,0.46,0.28,0.74,0.18
202,TONGA,TON,12.07,0.13,12.2,11.94,,,0.0,0.0,98.9344262295082,1.0655737704918034,97.8688524590164,,,-100.0,12.2,-0.0,Valid,11.94,0.0,Valid,,,Missing,,,Missing,Oceania,East Asia and Pacific,Upper-middle income,,,,0.104,No,12559.0,0.0108,Trade Surplus,Low Import Dependency,High Export Dependency,Missing,Missing,Negative Growth,26.5,Low Trade Pressure,34.1,26.5,53.8,48.4,0.6,0.41,0.19,31.67,0.48,39.58,Maintain Current Trade,,,World Bank (SP.POP.TOTL) via datasets/population mirror,2024.0,"World Bank Data Help Desk - Country and Lending Groups (FY2027, based on 2025 GNI); Continent field from mledoze/countries reference dataset",2026,"Derived: haversine great-circle distance between country centroid coordinates (mledoze/countries reference dataset) and India centroid. Approximate straight-line distance, NOT actual trade/shipping route distance.",Exact calendar year not recoverable from source file; periods kept as relative labels Y1 (current) and Y0 (previous),Valid,12.07,0.13,12.2,11.94,,,0.0,0.0
203,TRINIDAD,TTO,745.45,1766.13,2511.58,-1020.68,854.51,1731.06,2585.56,-876.55,29.68051983213754,70.31948016786247,-40.63896033572493,14.630089207861015,-1.985697542083548,2.945556183756839,2511.58,0.0,Valid,-1020.68,0.0,Valid,2585.57,-0.01,Valid,-876.55,0.0,Valid,Americas,Latin America and the Caribbean,High income,28139.94,-6.37,20565.13,1.368,No,14270.0,2.3692,Trade Deficit,High Import Dependency,Low Export Dependency,High Growth,Negative Growth,Moderate Growth,25.3,Low Trade Pressure,55.2,25.3,65.0,58.5,37.27,25.35,11.92,31.98,29.82,39.97,Diversify Product,World Bank (NY.GDP.MKTP.CD) via datasets/gdp mirror,2023.0,World Bank (SP.POP.TOTL) via datasets/population mirror,2024.0,"World Bank Data Help Desk - Country and Lending Groups (FY2027, based on 2025 GNI); Continent field from mledoze/countries reference dataset",2026,"Derived: haversine great-circle distance between country centroid coordinates (mledoze/countries reference dataset) and India centroid. Approximate straight-line distance, NOT actual trade/shipping route distance.",Exact calendar year not recoverable from source file; periods kept as relative labels Y1 (current) and Y0 (previous),Valid,745.45,1766.13,2511.58,-1020.68,854.51,1731.06,2585.56,-876.55
204,TUNISIA,TUN,3076.12,1731.67,4807.79,1344.45,2481.78,1008.82,3490.6,1472.96,63.9819958858436,36.018004114156405,27.9639917716872,-19.32109280522216,-41.74294178452014,-27.39699529305565,4807.79,0.0,Valid,1344.4499999999998,0.0,Valid,3490.6000000000004,-0.0,Valid,1472.96,0.0,Valid,Africa,"Middle East, North Africa, Afghanistan and Pakistan",Lower-middle income,48529.6,8.86,3952.85,12.277,No,6795.0,0.5629,Trade Surplus,Low Import Dependency,Moderate Export Dependency,Negative Growth,Negative Growth,Negative Growth,25.0,Low Trade Pressure,41.4,25.0,58.2,52.4,153.81,104.59,49.22,32.0,123.05,40.0,Diversify Product,World Bank (NY.GDP.MKTP.CD) via datasets/gdp mirror,2023.0,World Bank (SP.POP.TOTL) via datasets/population mirror,2024.0,"World Bank Data Help Desk - Country and Lending Groups (FY2027, based on 2025 GNI); Continent field from mledoze/countries reference dataset",2026,"Derived: haversine great-circle distance between country centroid coordinates (mledoze/countries reference dataset) and India centroid. Approximate straight-line distance, NOT actual trade/shipping route distance.",Exact calendar year not recoverable from source file; periods kept as relative labels Y1 (current) and Y0 (previous),Valid,3076.12,1731.67,4807.79,1344.45,2481.78,1008.82,3490.6,1472.96
205,TURKEY,TUR,46675.63,25353.13,72028.77,21322.5,39909.86,22686.85,62596.71,17223.01,64.80137034132333,35.19861577533533,29.602754565988004,-14.495294439518002,-10.51657132669616,-13.094850849181524,72028.76,0.01,Valid,21322.5,0.0,Valid,62596.71,0.0,Valid,17223.010000000002,-0.0,Valid,Asia,Europe and Central Asia,Upper-middle income,1108022.37,22.15,12956.5,85.519,No,4528.0,0.5432,Trade Surplus,Low Import Dependency,Moderate Export Dependency,Negative Growth,Negative Growth,Negative Growth,20.9,Low Trade Pressure,58.4,20.9,68.8,61.9,2333.78,1586.97,746.81,32.0,1867.02,40.0,Diversify Product,World Bank (NY.GDP.MKTP.CD) via datasets/gdp mirror,2023.0,World Bank (SP.POP.TOTL) via datasets/population mirror,2024.0,"World Bank Data Help Desk - Country and Lending Groups (FY2027, based on 2025 GNI); Continent field from mledoze/countries reference dataset",2026,"Derived: haversine great-circle distance between country centroid coordinates (mledoze/countries reference dataset) and India centroid. Approximate straight-line distance, NOT actual trade/shipping route distance.",Exact calendar year not recoverable from source file; periods kept as relative labels Y1 (current) and Y0 (previous),Valid,46675.63,25353.13,72028.77,21322.5,39909.86,22686.85,62596.71,17223.01
206,TURKMENISTAN,TKM,253.02,616.14,869.15,-363.12,337.7,1145.76,1483.46,-808.07,29.111200598285684,70.88994995110166,-41.77874935281597,33.46771006244565,85.95773687798228,70.67939941321983,869.16,-0.01,Valid,-363.12,0.0,Valid,1483.46,0.0,Valid,-808.06,-0.01,Valid,Asia,Europe and Central Asia,Upper-middle income,59887.33,5.91,7990.84,7.494,No,2751.0,2.4351,Trade Deficit,High Import Dependency,Low Export Dependency,High Growth,High Growth,High Growth,26.6,Low Trade Pressure,61.1,26.6,67.2,60.5,12.65,8.61,4.04,31.94,10.12,39.92,Diversify Product,World Bank (NY.GDP.MKTP.CD) via datasets/gdp mirror,2023.0,World Bank (SP.POP.TOTL) via datasets/population mirror,2024.0,"World Bank Data Help Desk - Country and Lending Groups (FY2027, based on 2025 GNI); Continent field from mledoze/countries reference dataset",2026,"Derived: haversine great-circle distance between country centroid coordinates (mledoze/countries reference dataset) and India centroid. Approximate straight-line distance, NOT actual trade/shipping route distance.",Exact calendar year not recoverable from source file; periods kept as relative labels Y1 (current) and Y0 (previous),Valid,253.02,616.14,869.15,-363.12,337.7,1145.76,1483.46,-808.07
207,TURKS C IS,TCA,6.22,3.55,9.77,2.67,12.62,2.69,15.31,9.93,63.66427840327533,36.33572159672467,27.328556806550665,102.89389067524117,-24.225352112676056,56.70419651995907,9.77,0.0,Valid,2.67,0.0,Valid,15.31,0.0,Valid,9.93,0.0,Valid,Americas,Latin America and the Caribbean,High income,1402.05,14.1,30129.03,0.047,No,14253.0,0.5707,Trade Surplus,Low Import Dependency,Moderate Export Dependency,High Growth,Negative Growth,High Growth,20.7,Low Trade Pressure,63.3,20.7,71.3,64.2,0.31,0.21,0.1,32.26,0.25,40.0,Diversify Product,World Bank (NY.GDP.MKTP.CD) via datasets/gdp mirror,2023.0,World Bank (SP.POP.TOTL) via datasets/population mirror,2024.0,"World Bank Data Help Desk - Country and Lending Groups (FY2027, based on 2025 GNI); Continent field from mledoze/countries reference dataset",2026,"Derived: haversine great-circle distance between country centroid coordinates (mledoze/countries reference dataset) and India centroid. Approximate straight-line distance, NOT actual trade/shipping route distance.",Exact calendar year not recoverable from source file; periods kept as relative labels Y1 (current) and Y0 (previous),Valid,6.22,3.55,9.77,2.67,12.62,2.69,15.31,9.93
208,U ARAB EMTS,ARE,232615.47,305359.91,537975.38,-72744.44,252203.05,424993.83,677196.87,-172790.78,43.23905491734585,56.76094508265415,-13.521890165308308,8.420583549322831,39.1780047354612,25.87878463880633,537975.38,0.0,Valid,-72744.43999999997,-0.0,Valid,677196.88,-0.01,Valid,-172790.78000000003,0.0,Valid,Asia,"Middle East, North Africa, Afghanistan and Pakistan",High income,504173.45,-0.57,45890.69,10.986,Yes - In force,2410.0,1.3127,Trade Deficit,Moderate Import Dependency,Low Export Dependency,Moderate Growth,High Growth,High Growth,43.3,Moderate Trade Pressure,74.9,43.3,65.8,69.2,11630.77,7908.92,3721.85,32.0,9304.62,40.0,Increase Exports,World Bank (NY.GDP.MKTP.CD) via datasets/gdp mirror,2023.0,World Bank (SP.POP.TOTL) via datasets/population mirror,2024.0,"World Bank Data Help Desk - Country and Lending Groups (FY2027, based on 2025 GNI); Continent field from mledoze/countries reference dataset",2026,"Derived: haversine great-circle distance between country centroid coordinates (mledoze/countries reference dataset) and India centroid. Approximate straight-line distance, NOT actual trade/shipping route distance.",Exact calendar year not recoverable from source file; periods kept as relative labels Y1 (current) and Y0 (previous),Valid,232615.47,305359.91,537975.38,-72744.44,252203.05,424993.83,677196.87,-172790.78
209,U K,GBR,86933.43,53301.81,140235.24,33631.61,100910.49,61189.72,162100.21,39720.77,61.991144308663074,38.008855691336926,23.98228148645091,16.07788856369755,14.798578134588682,15.591637308853326,140235.24,0.0,Valid,33631.619999999995,-0.01,Valid,162100.21000000002,-0.0,Valid,39720.77,-0.0,Valid,Europe,Europe and Central Asia,High income,3340032.38,8.13,48248.24,69.226,Yes - In force,7510.0,0.6131,Trade Surplus,Low Import Dependency,Moderate Export Dependency,High Growth,High Growth,High Growth,18.7,Low Trade Pressure,78.7,18.7,80.0,82.0,4346.67,2955.74,1390.93,32.0,3477.34,40.0,Increase Exports,World Bank (NY.GDP.MKTP.CD) via datasets/gdp mirror,2023.0,World Bank (SP.POP.TOTL) via datasets/population mirror,2024.0,"World Bank Data Help Desk - Country and Lending Groups (FY2027, based on 2025 GNI); Continent field from mledoze/countries reference dataset",2026,"Derived: haversine great-circle distance between country centroid coordinates (mledoze/countries reference dataset) and India centroid. Approximate straight-line distance, NOT actual trade/shipping route distance.",Exact calendar year not recoverable from source file; periods kept as relative labels Y1 (current) and Y0 (previous),Valid,86933.43,53301.81,140235.24,33631.61,100910.49,61189.72,162100.21,39720.77
210,U S A,USA,519996.63,293329.35,813325.98,226667.29,576183.95,324447.09,900631.05,251736.86,63.93458991682523,36.06541008317477,27.86918106316978,10.80532387296432,10.608464512671526,10.73432696690693,813325.98,0.0,Valid,226667.28000000003,0.01,Valid,900631.04,0.01,Valid,251736.85999999996,0.0,Valid,Americas,North America,High income,27360935.0,6.28,80447.08,340.111,No,13535.0,0.5641,Trade Surplus,Low Import Dependency,Moderate Export Dependency,High Growth,High Growth,High Growth,18.9,Low Trade Pressure,76.5,18.9,78.8,70.9,25999.83,17679.88,8319.95,32.0,20799.86,40.0,Increase Exports,World Bank (NY.GDP.MKTP.CD) via datasets/gdp mirror,2023.0,World Bank (SP.POP.TOTL) via datasets/population mirror,2024.0,"World Bank Data Help Desk - Country and Lending Groups (FY2027, based on 2025 GNI); Continent field from mledoze/countries reference dataset",2026,"Derived: haversine great-circle distance between country centroid coordinates (mledoze/countries reference dataset) and India centroid. Approximate straight-line distance, NOT actual trade/shipping route distance.",Exact calendar year not recoverable from source file; periods kept as relative labels Y1 (current) and Y0 (previous),Valid,519996.63,293329.35,813325.98,226667.29,576183.95,324447.09,900631.05,251736.86
211,UGANDA,UGA,3608.81,6117.15,9725.96,-2508.35,3236.11,1874.45,5110.56,1361.67,37.10492331862356,62.89507668137644,-25.79025618036677,-10.32750408029239,-69.35746221688206,-47.454441515284856,9725.96,0.0,Valid,-2508.34,-0.01,Valid,5110.56,0.0,Valid,1361.66,0.01,Valid,Africa,Sub-Saharan Africa,Low income,49272.88,8.14,985.16,50.015,No,5327.0,1.6951,Trade Deficit,Moderate Import Dependency,Low Export Dependency,Negative Growth,Negative Growth,Negative Growth,24.9,Low Trade Pressure,47.4,24.9,61.2,55.1,180.44,122.7,57.74,32.0,144.35,40.0,Diversify Product,World Bank (NY.GDP.MKTP.CD) via datasets/gdp mirror,2023.0,World Bank (SP.POP.TOTL) via datasets/population mirror,2024.0,"World Bank Data Help Desk - Country and Lending Groups (FY2027, based on 2025 GNI); Continent field from mledoze/countries reference dataset",2026,"Derived: haversine great-circle distance between country centroid coordinates (mledoze/countries reference dataset) and India centroid. Approximate straight-line distance, NOT actual trade/shipping route distance.",Exact calendar year not recoverable from source file; periods kept as relative labels Y1 (current) and Y0 (previous),Valid,3608.81,6117.15,9725.96,-2508.35,3236.11,1874.45,5110.56,1361.67
212,UKRAINE,UKR,1105.19,2985.14,4090.33,-1879.94,1267.03,7835.07,9102.1,-6568.04,27.01958032725966,72.98041967274034,-45.96059486642887,14.643635935902417,162.46909692677733,122.52727775020598,4090.33,0.0,Valid,-1879.95,0.01,Valid,9102.1,0.0,Valid,-6568.04,0.0,Valid,Europe,Europe and Central Asia,Upper-middle income,178757.02,10.35,4721.5,37.86,No,5120.0,2.701,Trade Deficit,High Import Dependency,Low Export Dependency,High Growth,High Growth,High Growth,29.8,Low Trade Pressure,57.0,29.8,63.6,57.2,55.26,37.58,17.68,31.99,44.21,39.99,Diversify Product,World Bank (NY.GDP.MKTP.CD) via datasets/gdp mirror,2023.0,World Bank (SP.POP.TOTL) via datasets/population mirror,2024.0,"World Bank Data Help Desk - Country and Lending Groups (FY2027, based on 2025 GNI); Continent field from mledoze/countries reference dataset",2026,"Derived: haversine great-circle distance between country centroid coordinates (mledoze/countries reference dataset) and India centroid. Approximate straight-line distance, NOT actual trade/shipping route distance.",Exact calendar year not recoverable from source file; periods kept as relative labels Y1 (current) and Y0 (previous),Valid,1105.19,2985.14,4090.33,-1879.94,1267.03,7835.07,9102.1,-6568.04
213,UNSPECIFIED,,20542.19,430.34,20972.54,20111.85,25421.98,920.66,26342.65,24501.32,97.94803109208516,2.051921226518104,95.89610986556706,23.75496478223598,113.93781661012224,25.605434534872742,20972.53,0.01,Valid,20111.85,0.0,Valid,26342.64,0.01,Valid,24501.32,0.0,Valid,,,,,,,,Missing,,0.0209,Trade Surplus,Low Import Dependency,High Export Dependency,High Growth,High Growth,High Growth,22.8,Low Trade Pressure,77.4,22.8,77.3,69.6,1027.11,698.43,328.68,32.0,821.69,40.0,Increase Exports,,,,,"World Bank Data Help Desk - Country and Lending Groups (FY2027, based on 2025 GNI); Continent field from mledoze/countries reference dataset",2026,"Derived: haversine great-circle distance between country centroid coordinates (mledoze/countries reference dataset) and India centroid. Approximate straight-line distance, NOT actual trade/shipping route distance.",Exact calendar year not recoverable from source file; periods kept as relative labels Y1 (current) and Y0 (previous),Valid,20542.19,430.34,20972.54,20111.85,25421.98,920.66,26342.65,24501.32
214,URUGUAY,URY,4065.98,875.96,4941.93,3190.02,1078.63,1067.9,2146.54,10.73,82.27514351680416,17.72505883328983,64.55008468351433,-73.47183212903163,21.911959450203213,-56.5647429243231,4941.9400000000005,-0.01,Valid,3190.02,0.0,Valid,2146.53,0.01,Valid,10.730000000000018,-0.0,Valid,Americas,Latin America and the Caribbean,High income,77240.83,10.09,22807.86,3.387,Partial/Preferential (SAFTA/SAPTA/MERCOSUR PTA/APTA),15163.0,0.2154,Trade Surplus,Low Import Dependency,High Export Dependency,Negative Growth,High Growth,Negative Growth,28.4,Low Trade Pressure,25.4,28.4,48.5,43.6,203.3,138.25,65.05,32.0,162.64,40.0,Maintain Current Trade,World Bank (NY.GDP.MKTP.CD) via datasets/gdp mirror,2023.0,World Bank (SP.POP.TOTL) via datasets/population mirror,2024.0,"World Bank Data Help Desk - Country and Lending Groups (FY2027, based on 2025 GNI); Continent field from mledoze/countries reference dataset",2026,"Derived: haversine great-circle distance between country centroid coordinates (mledoze/countries reference dataset) and India centroid. Approximate straight-line distance, NOT actual trade/shipping route distance.",Exact calendar year not recoverable from source file; periods kept as relative labels Y1 (current) and Y0 (previous),Valid,4065.98,875.96,4941.93,3190.02,1078.63,1067.9,2146.54,10.73
215,US MINOR OUTLYING ISLANDS,UMI,2.49,0.0,2.49,2.49,4.47,2.23,6.7,2.23,100.0,0.0,100.0,79.5180722891566,,169.07630522088354,2.49,0.0,Valid,2.49,0.0,Valid,6.699999999999999,0.0,Valid,2.24,-0.01,Valid,Americas,,,,,,,No,9249.0,0.0,Trade Surplus,Low Import Dependency,High Export Dependency,High Growth,Missing,High Growth,29.8,Low Trade Pressure,61.8,29.8,66.0,59.4,0.12,0.08,0.04,33.33,0.1,40.0,Diversify Product,,,,,"World Bank Data Help Desk - Country and Lending Groups (FY2027, based on 2025 GNI); Continent field from mledoze/countries reference dataset",2026,"Derived: haversine great-circle distance between country centroid coordinates (mledoze/countries reference dataset) and India centroid. Approximate straight-line distance, NOT actual trade/shipping route distance.",Exact calendar year not recoverable from source file; periods kept as relative labels Y1 (current) and Y0 (previous),Valid,2.49,0.0,2.49,2.49,4.47,2.23,6.7,2.23
216,UZBEKISTAN,UZB,2522.28,150.62,2672.91,2371.66,3539.23,105.37,3644.6,3433.85,94.36456895293894,5.635056922979076,88.72951202995985,40.318679924512736,-30.04249103704687,36.35326292318111,2672.9,0.01,Valid,2371.6600000000003,-0.0,Valid,3644.6,0.0,Valid,3433.86,-0.01,Valid,Asia,Europe and Central Asia,Lower-middle income,90889.15,12.01,2499.57,36.362,No,2639.0,0.0597,Trade Surplus,Low Import Dependency,High Export Dependency,High Growth,Negative Growth,High Growth,22.5,Low Trade Pressure,76.7,22.5,77.1,69.4,126.11,85.75,40.36,32.0,100.89,40.0,Increase Exports,World Bank (NY.GDP.MKTP.CD) via datasets/gdp mirror,2023.0,World Bank (SP.POP.TOTL) via datasets/population mirror,2024.0,"World Bank Data Help Desk - Country and Lending Groups (FY2027, based on 2025 GNI); Continent field from mledoze/countries reference dataset",2026,"Derived: haversine great-circle distance between country centroid coordinates (mledoze/countries reference dataset) and India centroid. Approximate straight-line distance, NOT actual trade/shipping route distance.",Exact calendar year not recoverable from source file; periods kept as relative labels Y1 (current) and Y0 (previous),Valid,2522.28,150.62,2672.91,2371.66,3539.23,105.37,3644.6,3433.85
217,VANUATU REP,VUT,27.18,0.0,27.19,27.18,26.06,4.47,30.53,21.59,99.96322177271055,0.0,99.96322177271055,-4.120676968359091,,12.28392791467451,27.18,0.01,Valid,27.18,0.0,Valid,30.53,0.0,Valid,21.59,0.0,Valid,Oceania,East Asia and Pacific,Lower-middle income,1126.31,10.18,3436.22,0.328,No,10609.0,0.0,Trade Surplus,Low Import Dependency,High Export Dependency,Negative Growth,Missing,High Growth,33.3,Low Trade Pressure,33.2,33.3,50.0,45.0,1.36,0.92,0.44,32.35,1.09,40.37,Maintain Current Trade,World Bank (NY.GDP.MKTP.CD) via datasets/gdp mirror,2023.0,World Bank (SP.POP.TOTL) via datasets/population mirror,2024.0,"World Bank Data Help Desk - Country and Lending Groups (FY2027, based on 2025 GNI); Continent field from mledoze/countries reference dataset",2026,"Derived: haversine great-circle distance between country centroid coordinates (mledoze/countries reference dataset) and India centroid. Approximate straight-line distance, NOT actual trade/shipping route distance.",Exact calendar year not recoverable from source file; periods kept as relative labels Y1 (current) and Y0 (previous),Valid,27.18,0.0,27.19,27.18,26.06,4.47,30.53,21.59
218,VATICAN CITY,VAT,0.75,0.63,1.38,0.12,,,0.0,0.0,54.34782608695653,45.65217391304349,8.695652173913043,,,-100.0,1.38,0.0,Valid,0.12,0.0,Valid,,,Missing,,,Missing,Europe,,,,,,,No,6456.0,0.84,Trade Surplus,Low Import Dependency,Moderate Export Dependency,Missing,Missing,Negative Growth,26.6,Low Trade Pressure,30.7,26.6,52.0,46.8,0.04,0.02,0.02,50.0,0.03,66.67,Maintain Current Trade,,,,,"World Bank Data Help Desk - Country and Lending Groups (FY2027, based on 2025 GNI); Continent field from mledoze/countries reference dataset",2026,"Derived: haversine great-circle distance between country centroid coordinates (mledoze/countries reference dataset) and India centroid. Approximate straight-line distance, NOT actual trade/shipping route distance.",Exact calendar year not recoverable from source file; periods kept as relative labels Y1 (current) and Y0 (previous),Valid,0.75,0.63,1.38,0.12,,,0.0,0.0
219,VENEZUELA,VEN,1079.74,2469.04,3548.78,-1389.31,1502.17,10770.83,12273.0,-9268.66,30.425667412462875,69.57433258753713,-39.14894696205456,39.12330746290774,336.2355409389885,245.8371609398159,3548.78,0.0,Valid,-1389.3,-0.01,Valid,12273.0,0.0,Valid,-9268.66,0.0,Valid,Americas,Latin America and the Caribbean,Lower-middle income,,,,28.406,No,14908.0,2.2867,Trade Deficit,High Import Dependency,Low Export Dependency,High Growth,High Growth,High Growth,33.1,Low Trade Pressure,71.5,33.1,69.2,62.3,53.99,36.71,17.28,32.01,43.19,40.01,Increase Exports,,,World Bank (SP.POP.TOTL) via datasets/population mirror,2024.0,"World Bank Data Help Desk - Country and Lending Groups (FY2027, based on 2025 GNI); Continent field from mledoze/countries reference dataset",2026,"Derived: haversine great-circle distance between country centroid coordinates (mledoze/countries reference dataset) and India centroid. Approximate straight-line distance, NOT actual trade/shipping route distance.",Exact calendar year not recoverable from source file; periods kept as relative labels Y1 (current) and Y0 (previous),Valid,1079.74,2469.04,3548.78,-1389.31,1502.17,10770.83,12273.0,-9268.66
220,VIETNAM SOC REP,VNM,36708.97,64835.26,101544.23,-28126.29,37987.36,73547.77,111535.13,-35560.41,36.1507197405505,63.8492802594495,-27.698560518899008,3.4825003262145446,13.437919428409792,9.838963769777967,101544.23,-0.0,Valid,-28126.29,0.0,Valid,111535.13,0.0,Valid,-35560.41,0.0,Valid,Asia,East Asia and Pacific,Upper-middle income,429716.97,4.73,4255.14,100.988,Yes - In force,3282.0,1.7662,Trade Deficit,Moderate Import Dependency,Low Export Dependency,Moderate Growth,High Growth,Moderate Growth,32.4,Low Trade Pressure,68.2,32.4,67.9,71.1,1835.45,1248.11,587.34,32.0,1468.36,40.0,Increase Exports,World Bank (NY.GDP.MKTP.CD) via datasets/gdp mirror,2023.0,World Bank (SP.POP.TOTL) via datasets/population mirror,2024.0,"World Bank Data Help Desk - Country and Lending Groups (FY2027, based on 2025 GNI); Continent field from mledoze/countries reference dataset",2026,"Derived: haversine great-circle distance between country centroid coordinates (mledoze/countries reference dataset) and India centroid. Approximate straight-line distance, NOT actual trade/shipping route distance.",Exact calendar year not recoverable from source file; periods kept as relative labels Y1 (current) and Y0 (previous),Valid,36708.97,64835.26,101544.23,-28126.29,37987.36,73547.77,111535.13,-35560.41
221,VIRGIN IS US,VIR,38.86,691.38,730.24,-652.52,31.47,0.7,32.17,30.77,5.321538124452235,94.67846187554775,-89.35692375109554,-19.016984045290787,-99.89875321820128,-95.59459903593338,730.24,0.0,Valid,-652.52,0.0,Valid,32.17,0.0,Valid,30.77,0.0,Valid,Americas,Latin America and the Caribbean,High income,,,,0.104,No,14064.0,17.7916,Trade Deficit,High Import Dependency,Low Export Dependency,Negative Growth,Negative Growth,Negative Growth,25.5,Low Trade Pressure,25.2,25.5,49.8,44.8,1.94,1.33,0.61,31.44,1.55,39.35,Reduce Import Dependency,,,World Bank (SP.POP.TOTL) via datasets/population mirror,2024.0,"World Bank Data Help Desk - Country and Lending Groups (FY2027, based on 2025 GNI); Continent field from mledoze/countries reference dataset",2026,"Derived: haversine great-circle distance between country centroid coordinates (mledoze/countries reference dataset) and India centroid. Approximate straight-line distance, NOT actual trade/shipping route distance.",Exact calendar year not recoverable from source file; periods kept as relative labels Y1 (current) and Y0 (previous),Valid,38.86,691.38,730.24,-652.52,31.47,0.7,32.17,30.77
222,YEMEN REPUBLC,YEM,5763.3,1331.06,7094.36,4432.24,6024.95,1145.71,7170.66,4879.24,81.23777197661242,18.7622280233876,62.47554395322481,4.5399337185293085,-13.924992111550186,1.075502229940406,7094.360000000001,-0.0,Valid,4432.24,0.0,Valid,7170.66,0.0,Valid,4879.24,0.0,Valid,Asia,"Middle East, North Africa, Afghanistan and Pakistan",Low income,,,,40.583,No,3121.0,0.231,Trade Surplus,Low Import Dependency,High Export Dependency,Moderate Growth,Negative Growth,Moderate Growth,23.9,Low Trade Pressure,60.4,23.9,68.2,61.4,288.17,195.96,92.21,32.0,230.54,40.0,Diversify Product,,,World Bank (SP.POP.TOTL) via datasets/population mirror,2024.0,"World Bank Data Help Desk - Country and Lending Groups (FY2027, based on 2025 GNI); Continent field from mledoze/countries reference dataset",2026,"Derived: haversine great-circle distance between country centroid coordinates (mledoze/countries reference dataset) and India centroid. Approximate straight-line distance, NOT actual trade/shipping route distance.",Exact calendar year not recoverable from source file; periods kept as relative labels Y1 (current) and Y0 (previous),Valid,5763.3,1331.06,7094.36,4432.24,6024.95,1145.71,7170.66,4879.24
223,ZAMBIA,ZMB,1723.91,1524.17,3248.08,199.73,1553.2,1169.86,2723.06,383.35,53.07473953843503,46.92526046156499,6.149171202679737,-9.90248910906022,-23.24609459574721,-16.164010738651758,3248.08,0.0,Valid,199.74,-0.01,Valid,2723.06,0.0,Valid,383.34000000000015,0.01,Valid,Africa,Sub-Saharan Africa,Lower-middle income,28162.63,-3.43,1321.26,21.315,No,6445.0,0.8841,Trade Surplus,Low Import Dependency,Moderate Export Dependency,Negative Growth,Negative Growth,Negative Growth,25.3,Low Trade Pressure,45.1,25.3,59.9,53.9,86.2,58.62,27.58,32.0,68.96,39.99,Diversify Product,World Bank (NY.GDP.MKTP.CD) via datasets/gdp mirror,2023.0,World Bank (SP.POP.TOTL) via datasets/population mirror,2024.0,"World Bank Data Help Desk - Country and Lending Groups (FY2027, based on 2025 GNI); Continent field from mledoze/countries reference dataset",2026,"Derived: haversine great-circle distance between country centroid coordinates (mledoze/countries reference dataset) and India centroid. Approximate straight-line distance, NOT actual trade/shipping route distance.",Exact calendar year not recoverable from source file; periods kept as relative labels Y1 (current) and Y0 (previous),Valid,1723.91,1524.17,3248.08,199.73,1553.2,1169.86,2723.06,383.35
224,ZIMBABWE,ZWE,1122.79,111.0,1233.79,1011.8,1014.53,75.94,1090.47,938.59,91.00333119898848,8.996668801011518,82.00747290867976,-9.642052387356497,-31.585585585585584,-11.616239392441171,1233.79,0.0,Valid,1011.79,0.01,Valid,1090.47,0.0,Valid,938.59,0.0,Valid,Africa,Sub-Saharan Africa,Lower-middle income,26538.27,-3.03,1595.39,16.634,No,6780.0,0.0989,Trade Surplus,Low Import Dependency,High Export Dependency,Negative Growth,Negative Growth,Negative Growth,24.9,Low Trade Pressure,42.6,24.9,58.8,52.9,56.14,38.18,17.96,31.99,44.91,39.99,Diversify Product,World Bank (NY.GDP.MKTP.CD) via datasets/gdp mirror,2023.0,World Bank (SP.POP.TOTL) via datasets/population mirror,2024.0,"World Bank Data Help Desk - Country and Lending Groups (FY2027, based on 2025 GNI); Continent field from mledoze/countries reference dataset",2026,"Derived: haversine great-circle distance between country centroid coordinates (mledoze/countries reference dataset) and India centroid. Approximate straight-line distance, NOT actual trade/shipping route distance.",Exact calendar year not recoverable from source file; periods kept as relative labels Y1 (current) and Y0 (previous),Valid,1122.79,111.0,1233.79,1011.8,1014.53,75.94,1090.47,938.59
